student_id,cgpa,programming_skills,aptitude_score,communication_skills,technical_skills,projects_score,certifications,internship_experience,placement_readiness_score
STU0001,7.9,78.8,34.5,54.6,66.2,84.3,3,0,53.2
STU0002,7.2,55.8,48.8,49.1,56.4,55.4,0,4,51.0
STU0003,8.06,53.7,57.2,45.8,55.5,60.6,3,0,61.9
STU0004,9.03,69.1,93.7,73.8,69.3,64.4,1,0,74.2
STU0005,7.09,61.6,69.8,65.0,62.4,51.7,2,0,56.8
STU0006,7.09,57.1,41.5,73.3,68.5,35.4,0,0,55.3
STU0007,9.09,80.5,72.8,77.7,76.9,72.5,1,0,68.9
STU0008,8.19,82.4,40.5,71.7,65.1,60.6,0,2,60.7
STU0009,6.83,65.1,77.2,77.2,74.2,54.8,1,7,69.2
STU0010,7.95,90.1,56.1,67.0,74.2,69.1,3,0,73.0
STU0011,6.84,45.5,59.6,51.4,54.8,66.6,3,0,56.3
STU0012,6.84,60.6,80.9,82.8,66.4,82.9,2,10,75.9
STU0013,7.62,54.2,43.2,59.8,63.5,57.4,1,5,50.2
STU0014,5.25,29.9,36.8,54.9,51.4,36.7,1,5,38.9
STU0015,5.45,58.9,49.5,65.5,61.7,45.2,4,19,54.0
STU0016,6.73,61.5,76.3,55.2,56.1,61.4,4,8,62.1
STU0017,6.24,86.4,37.0,62.2,91.4,94.6,1,11,69.5
STU0018,7.7,76.0,20.2,72.8,74.6,65.4,3,0,63.6
STU0019,6.35,46.1,53.2,72.9,52.9,25.2,1,5,57.1
STU0020,5.8,90.8,67.2,55.4,82.5,83.2,1,0,74.1
STU0021,8.96,88.6,83.2,61.2,85.2,86.0,1,2,73.7
STU0022,7.1,73.7,54.6,83.0,73.3,50.6,2,5,66.4
STU0023,7.42,61.6,56.0,74.9,85.0,65.7,1,2,60.0
STU0024,5.78,45.7,76.2,97.1,50.0,52.6,3,1,54.4
STU0025,6.75,57.5,32.8,84.5,58.5,54.8,2,0,52.4
STU0026,7.47,82.7,56.4,84.0,76.7,63.5,0,0,69.4
STU0027,6.08,92.0,62.3,48.6,84.8,87.8,0,0,71.8
STU0028,7.76,90.7,69.6,78.7,68.6,68.9,1,0,74.6
STU0029,6.69,55.5,53.0,67.3,44.1,36.2,1,6,55.2
STU0030,7.03,46.3,61.9,60.3,51.5,28.2,2,1,48.9
STU0031,6.69,65.6,23.4,70.4,51.8,70.1,1,14,61.4
STU0032,9.39,41.8,56.2,81.2,57.7,54.4,2,5,62.8
STU0033,7.34,70.1,68.8,75.0,73.1,65.7,3,9,69.3
STU0034,6.19,59.7,44.9,55.7,53.3,50.8,1,9,52.0
STU0035,8.25,59.8,64.7,78.4,55.3,50.4,1,2,57.7
STU0036,6.01,36.1,66.0,59.1,48.6,32.7,2,5,45.8
STU0037,7.58,73.8,57.3,71.0,78.5,63.5,2,19,74.0
STU0038,5.19,51.1,60.2,63.8,39.6,26.7,3,0,48.5
STU0039,5.89,42.6,44.6,64.9,57.5,41.2,1,7,46.4
STU0040,7.57,19.6,59.3,78.7,51.0,33.5,4,0,47.5
STU0041,8.16,66.6,72.8,53.4,77.4,70.4,3,0,62.7
STU0042,7.54,93.8,64.7,95.2,91.3,79.6,1,12,84.4
STU0043,7.22,91.3,52.9,42.5,96.9,88.2,0,16,69.0
STU0044,7.02,56.9,64.7,59.6,58.6,68.7,3,8,66.4
STU0045,5.72,51.3,69.5,73.2,55.7,62.6,2,0,60.1
STU0046,6.56,70.5,29.7,76.2,63.6,67.3,3,0,61.0
STU0047,6.84,47.8,78.4,66.6,56.4,50.7,1,0,60.1
STU0048,8.51,72.7,59.3,67.2,86.2,59.5,2,11,71.8
STU0049,7.73,78.2,69.1,73.7,63.5,73.5,4,0,72.3
STU0050,5.41,79.8,76.1,64.8,61.2,83.0,1,6,59.0
STU0051,7.71,64.3,42.1,87.5,78.3,66.9,3,0,71.3
STU0052,6.93,60.7,50.5,79.8,71.3,79.3,3,0,61.5
STU0053,6.61,49.1,56.2,80.2,53.5,35.2,3,8,57.9
STU0054,8.02,53.5,51.6,54.5,69.6,44.9,4,0,68.3
STU0055,8.48,64.2,90.3,66.9,72.3,70.5,4,0,70.5
STU0056,8.37,73.4,51.2,63.8,85.8,72.2,2,0,70.4
STU0057,6.43,77.3,51.8,53.9,70.5,80.6,2,11,68.9
STU0058,7.01,51.3,64.4,73.0,66.9,54.7,3,8,57.4
STU0059,7.71,89.8,44.7,60.5,100.0,71.7,0,0,65.7
STU0060,8.42,63.3,58.2,77.2,73.7,59.8,1,3,73.2
STU0061,6.82,63.3,65.7,53.0,64.5,44.3,2,14,64.5
STU0062,7.15,52.5,56.6,92.1,65.5,43.7,0,0,58.4
STU0063,6.13,23.2,58.2,55.5,39.1,44.9,2,3,42.4
STU0064,6.03,75.9,51.4,71.1,87.1,79.6,4,1,71.5
STU0065,8.24,79.0,41.1,79.1,77.7,73.6,2,0,69.6
STU0066,8.84,64.2,69.8,60.0,68.5,43.8,3,0,64.5
STU0067,7.27,65.9,88.2,79.9,60.1,56.1,4,2,73.9
STU0068,8.45,76.0,64.5,50.8,84.1,58.0,3,2,64.6
STU0069,7.75,41.0,66.2,88.3,62.7,60.9,0,0,53.6
STU0070,6.64,54.8,71.0,68.2,55.3,47.6,1,0,60.9
STU0071,7.75,78.7,43.8,59.7,79.2,59.4,4,0,74.3
STU0072,9.04,49.2,90.9,63.8,51.6,50.3,2,4,65.8
STU0073,7.31,69.6,65.0,79.3,70.2,57.5,0,5,70.7
STU0074,9.07,47.6,89.9,59.8,66.6,67.9,2,1,63.7
STU0075,4.47,65.3,45.2,57.5,71.7,54.9,2,0,47.2
STU0076,8.25,66.7,91.1,64.9,63.9,47.0,2,0,67.3
STU0077,7.45,39.4,73.8,51.5,43.8,22.2,1,10,52.7
STU0078,7.02,82.8,69.6,93.5,67.3,68.8,1,9,80.0
STU0079,7.45,53.5,65.7,60.1,50.4,46.1,0,2,58.3
STU0080,5.16,46.6,53.9,79.6,61.5,37.0,0,0,45.3
STU0081,7.11,67.6,79.5,70.9,79.5,77.2,0,0,60.7
STU0082,7.74,84.4,64.9,54.2,80.0,79.6,0,24,73.3
STU0083,8.98,52.8,35.7,67.9,75.1,57.3,2,18,57.5
STU0084,6.78,64.6,44.1,79.0,65.7,74.1,5,5,64.9
STU0085,6.46,69.6,57.4,65.4,65.4,69.3,2,7,59.4
STU0086,6.8,74.7,65.5,84.7,67.1,57.2,3,0,72.9
STU0087,8.36,70.3,63.2,82.3,69.8,53.7,2,0,69.5
STU0088,7.71,60.0,81.0,80.9,52.8,63.4,0,7,67.0
STU0089,6.77,50.3,31.6,61.6,59.6,56.5,1,19,58.5
STU0090,7.91,67.8,65.3,52.9,69.3,64.5,0,0,62.0
STU0091,7.46,48.1,34.9,59.4,64.4,44.3,3,6,56.5
STU0092,8.42,20.9,75.5,70.7,48.5,42.6,1,11,61.3
STU0093,6.58,70.1,59.0,75.6,65.5,55.3,4,0,63.8
STU0094,6.99,78.6,67.6,37.6,65.3,65.7,5,0,66.3
STU0095,6.92,26.1,48.2,67.9,46.4,52.8,3,0,43.0
STU0096,5.74,44.8,78.0,70.2,57.5,42.9,1,3,55.2
STU0097,7.68,75.7,78.3,64.1,63.7,49.3,2,1,75.4
STU0098,7.64,98.6,71.3,86.1,84.9,70.1,1,4,83.1
STU0099,7.36,65.3,60.1,73.9,68.6,71.5,2,4,64.8
STU0100,7.09,52.7,70.2,86.3,53.9,54.7,0,0,59.4
STU0101,5.79,58.2,48.3,65.0,53.8,53.3,1,6,52.8
STU0102,6.89,85.8,73.9,81.1,77.4,67.9,2,0,74.3
STU0103,6.97,53.7,86.0,90.9,50.7,56.7,0,2,60.2
STU0104,6.47,50.0,76.3,86.4,59.2,43.8,2,11,66.4
STU0105,7.17,56.8,50.7,52.7,54.8,57.3,1,0,54.4
STU0106,7.79,50.9,68.3,64.4,69.3,47.9,3,7,62.9
STU0107,9.42,72.1,46.8,63.2,95.1,62.3,3,2,70.2
STU0108,7.54,91.5,71.0,74.8,73.5,68.2,0,5,74.3
STU0109,7.63,70.9,69.3,77.6,74.6,61.8,1,6,66.7
STU0110,7.27,60.8,33.8,56.3,58.4,56.4,1,5,55.2
STU0111,5.24,55.1,40.4,68.9,63.6,58.0,4,15,58.3
STU0112,7.32,39.9,57.7,39.7,43.8,10.0,1,0,51.0
STU0113,7.42,79.3,57.6,88.2,77.7,62.0,2,0,71.2
STU0114,10.0,70.4,49.2,60.8,70.2,60.3,1,7,62.2
STU0115,7.14,61.6,67.4,68.8,62.6,73.4,2,21,66.7
STU0116,7.68,100.0,66.4,63.7,76.8,68.4,0,11,70.6
STU0117,7.31,69.7,59.0,84.0,75.4,66.8,3,2,71.9
STU0118,6.06,49.8,48.1,28.3,48.4,64.4,1,3,37.0
STU0119,8.61,61.3,80.2,67.8,72.9,47.7,1,0,69.0
STU0120,8.18,85.4,88.5,66.5,76.5,76.5,0,0,78.6
STU0121,8.22,69.0,56.5,61.6,70.2,55.6,1,0,48.9
STU0122,6.35,39.5,50.8,92.2,52.0,40.7,1,0,58.0
STU0123,8.89,83.6,72.5,55.6,74.4,63.2,3,0,74.8
STU0124,5.81,50.5,53.5,78.8,56.3,44.5,2,3,53.2
STU0125,8.0,96.6,61.2,73.0,96.5,100.0,1,2,77.2
STU0126,9.76,88.3,77.9,85.7,79.2,83.0,2,0,77.1
STU0127,6.26,55.1,31.2,58.7,67.7,67.7,0,11,51.1
STU0128,6.73,83.9,80.5,57.7,86.1,79.2,0,0,77.0
STU0129,7.46,66.4,63.3,83.3,61.0,44.1,1,6,61.8
STU0130,6.8,77.3,54.7,74.0,59.4,68.6,3,4,69.5
STU0131,5.64,68.5,57.3,46.4,65.6,72.9,2,0,55.3
STU0132,7.43,51.6,61.6,60.4,55.7,43.6,4,0,57.1
STU0133,6.18,51.8,33.7,73.4,71.4,65.8,1,0,47.4
STU0134,7.87,82.8,85.5,79.7,77.3,78.6,2,0,71.8
STU0135,6.34,57.1,60.6,58.5,53.2,72.5,0,24,64.4
STU0136,9.05,62.8,72.1,27.2,61.4,54.4,0,0,54.6
STU0137,6.49,47.6,74.6,75.3,64.0,41.4,0,0,58.3
STU0138,7.0,70.9,46.0,50.9,63.9,59.3,0,1,63.0
STU0139,8.24,100.0,70.9,39.8,87.1,96.1,0,0,75.6
STU0140,6.0,44.5,55.3,28.3,59.9,31.7,1,3,45.8
STU0141,7.6,66.0,75.2,79.4,63.9,40.0,2,4,70.8
STU0142,8.79,91.2,33.0,69.8,83.6,77.8,3,1,71.9
STU0143,5.58,59.3,57.0,64.8,58.3,51.8,5,3,57.5
STU0144,7.55,72.7,53.4,87.4,76.5,66.9,2,0,72.1
STU0145,7.64,48.7,69.1,76.9,64.0,62.4,1,0,59.6
STU0146,8.21,74.0,70.8,90.6,71.9,60.7,2,1,74.4
STU0147,5.99,58.6,48.7,48.5,59.8,37.6,2,9,53.5
STU0148,5.9,77.1,48.4,67.5,65.3,86.5,0,5,66.8
STU0149,7.92,85.4,61.5,45.4,66.7,60.1,1,8,67.2
STU0150,7.68,100.0,49.2,64.8,87.1,71.2,1,3,72.5
STU0151,7.63,75.0,75.2,64.5,87.5,81.6,2,3,73.8
STU0152,7.73,71.2,57.2,76.8,63.7,59.1,1,1,52.7
STU0153,6.6,66.2,16.9,68.6,58.7,58.9,0,4,56.6
STU0154,7.61,60.0,56.9,76.7,57.8,61.3,0,4,53.9
STU0155,7.67,71.2,47.1,77.8,76.4,77.0,3,4,64.0
STU0156,6.56,58.3,36.0,98.2,64.4,54.0,1,8,58.7
STU0157,9.4,72.8,47.5,63.6,75.4,81.8,1,11,61.7
STU0158,7.87,87.4,64.7,54.8,72.0,51.0,3,8,72.1
STU0159,6.04,45.6,79.3,71.4,53.7,56.5,3,0,59.5
STU0160,8.07,85.0,68.1,56.8,66.2,61.4,2,6,66.7
STU0161,6.28,83.4,50.8,88.7,73.7,84.7,0,0,65.9
STU0162,8.22,65.3,70.6,64.0,76.3,64.9,4,7,67.3
STU0163,8.62,34.2,57.7,60.1,45.0,34.9,0,0,50.5
STU0164,6.45,53.0,49.8,61.4,45.6,56.9,2,1,44.7
STU0165,8.41,88.4,46.8,78.1,94.1,87.2,1,0,73.6
STU0166,7.8,65.8,36.6,65.8,63.4,66.9,4,6,55.4
STU0167,8.25,51.3,58.0,59.0,71.5,45.6,4,0,63.1
STU0168,9.44,62.1,68.5,91.3,70.1,55.7,4,0,68.9
STU0169,7.08,77.8,60.0,56.0,70.8,67.7,2,5,68.1
STU0170,6.52,71.7,54.1,68.5,70.9,64.6,2,0,67.9
STU0171,6.37,58.7,45.9,77.1,53.4,62.3,3,5,63.7
STU0172,6.45,56.9,69.3,45.2,60.9,35.7,0,0,48.1
STU0173,7.27,58.5,42.1,74.7,60.0,59.7,0,1,56.3
STU0174,7.73,51.2,74.4,53.2,50.2,47.7,3,5,62.7
STU0175,7.65,91.6,47.6,79.5,83.5,68.7,3,0,76.0
STU0176,8.26,62.1,52.5,54.5,65.7,52.0,4,4,64.5
STU0177,7.36,84.5,40.0,77.7,75.1,69.7,1,1,58.8
STU0178,8.95,93.3,57.7,83.5,75.8,40.0,0,0,72.8
STU0179,7.06,80.2,76.0,80.1,86.0,65.6,1,0,69.3
STU0180,10.0,64.7,75.0,71.5,81.4,55.7,1,0,71.5
STU0181,8.04,73.2,78.1,64.8,80.4,73.4,2,9,76.4
STU0182,6.41,62.3,67.9,59.9,59.9,49.9,0,9,61.6
STU0183,6.17,47.6,43.1,88.6,40.5,44.4,0,7,50.9
STU0184,7.88,71.5,58.1,58.2,87.0,84.4,2,1,73.9
STU0185,7.1,45.5,49.8,53.5,55.6,59.3,0,0,50.9
STU0186,8.14,86.0,83.5,77.3,73.4,81.1,2,9,81.0
STU0187,7.87,58.9,45.1,56.9,68.4,53.6,0,18,55.1
STU0188,7.27,68.0,75.2,54.7,77.2,70.3,4,0,69.4
STU0189,6.42,67.2,73.5,47.8,64.7,59.1,2,0,68.3
STU0190,5.68,56.7,86.1,61.2,67.6,55.5,0,0,51.6
STU0191,6.86,73.2,54.9,66.8,77.8,71.5,2,0,68.3
STU0192,8.29,59.8,74.6,71.4,58.1,50.5,6,4,69.6
STU0193,7.59,79.5,96.7,81.3,69.1,83.0,2,0,83.8
STU0194,5.98,40.0,50.0,75.4,57.6,45.8,3,0,55.8
STU0195,7.54,67.5,39.4,65.3,46.7,63.2,0,9,56.0
STU0196,7.77,97.1,34.6,65.2,82.7,93.9,1,10,77.3
STU0197,6.38,46.6,70.7,75.1,43.0,57.0,2,20,58.3
STU0198,7.52,54.6,34.1,85.8,58.0,40.0,0,1,58.3
STU0199,7.41,73.4,56.5,69.8,68.5,69.6,1,0,57.1
STU0200,6.09,64.7,66.0,61.4,59.8,67.6,2,3,58.6
STU0201,7.74,71.6,65.6,54.1,66.6,72.8,1,2,65.1
STU0202,7.97,74.4,69.6,47.8,64.3,53.4,0,0,64.9
STU0203,8.54,78.1,67.7,77.3,95.0,67.3,3,0,75.7
STU0204,8.51,85.7,83.5,76.1,95.3,87.3,1,0,77.5
STU0205,5.83,67.8,44.7,76.1,54.1,51.4,3,21,60.4
STU0206,6.32,58.6,49.8,66.2,72.9,56.6,0,10,57.8
STU0207,7.92,77.2,51.5,87.7,71.1,83.3,5,8,73.6
STU0208,7.92,96.8,75.6,61.2,85.2,79.4,4,9,80.9
STU0209,7.92,64.3,76.6,81.4,67.4,53.5,3,3,66.7
STU0210,10.0,56.0,74.1,67.5,64.7,47.6,2,8,58.8
STU0211,7.98,84.3,81.0,59.5,85.9,77.7,1,3,76.2
STU0212,8.6,66.2,46.8,76.3,71.9,49.4,1,14,68.4
STU0213,8.4,32.9,89.1,73.7,49.8,39.8,3,1,65.4
STU0214,8.07,80.4,86.3,73.0,65.9,71.0,1,2,75.5
STU0215,7.0,55.6,72.3,69.1,53.6,66.4,0,5,62.4
STU0216,8.18,65.6,90.4,67.5,56.2,65.3,1,2,67.0
STU0217,6.5,68.2,35.5,100.0,65.7,55.0,2,3,55.1
STU0218,7.09,67.4,53.6,84.6,57.4,71.5,1,4,64.0
STU0219,6.82,75.0,49.9,78.1,67.8,62.7,1,12,67.1
STU0220,7.44,58.3,73.0,69.6,74.4,47.5,0,4,66.9
STU0221,9.9,79.6,51.3,82.1,91.1,71.9,1,0,75.5
STU0222,5.3,55.7,69.3,75.3,55.5,68.3,1,0,52.7
STU0223,8.1,78.7,84.1,68.4,75.0,70.8,3,3,82.7
STU0224,5.58,70.4,68.9,63.8,79.0,66.6,1,0,64.9
STU0225,6.83,48.7,65.2,66.9,61.0,68.6,2,8,61.6
STU0226,8.55,85.4,49.6,23.6,77.7,58.5,3,1,64.3
STU0227,7.42,56.6,49.4,70.9,51.2,40.4,5,0,56.8
STU0228,6.16,75.0,78.4,61.2,71.1,50.4,1,3,65.0
STU0229,6.56,68.9,72.1,90.3,72.8,67.9,1,0,58.9
STU0230,8.1,96.3,62.9,68.3,79.4,79.8,0,3,70.8
STU0231,6.55,59.4,54.1,51.4,63.7,73.1,4,9,59.1
STU0232,7.59,60.0,32.1,67.3,61.9,59.9,0,2,55.4
STU0233,7.4,64.8,46.0,53.4,65.1,56.4,3,4,51.9
STU0234,6.63,58.4,89.2,74.6,41.2,51.6,2,6,59.7
STU0235,9.71,83.7,47.5,72.1,81.2,74.1,3,2,70.2
STU0236,8.05,40.9,66.2,81.4,64.3,32.8,2,8,61.9
STU0237,5.12,42.6,72.7,56.9,43.6,72.2,3,0,48.8
STU0238,7.56,48.4,43.6,68.5,59.3,56.8,1,0,50.0
STU0239,6.62,78.4,63.3,48.9,65.0,68.6,3,10,64.2
STU0240,8.29,94.7,77.9,77.8,87.1,85.5,1,2,78.6
STU0241,6.48,61.1,60.4,75.3,60.3,64.7,4,0,60.5
STU0242,7.22,62.0,100.0,74.9,57.1,55.8,1,5,66.9
STU0243,7.91,67.5,38.1,68.0,80.1,59.1,4,6,71.0
STU0244,8.3,86.0,79.8,73.8,87.3,81.5,2,12,78.2
STU0245,6.03,46.9,56.8,90.5,48.7,52.1,3,0,63.5
STU0246,6.98,67.9,72.8,64.0,70.9,55.2,1,6,59.7
STU0247,6.83,79.3,67.6,69.9,76.4,84.0,3,8,78.3
STU0248,6.63,71.2,49.6,52.8,72.6,68.1,1,3,58.2
STU0249,9.29,72.9,69.3,55.8,62.8,70.8,3,5,64.3
STU0250,7.8,82.1,35.0,69.4,84.5,87.0,1,0,73.2
STU0251,5.96,18.3,68.3,83.5,34.5,32.1,2,1,48.5
STU0252,8.36,78.4,68.5,64.4,73.4,71.8,2,11,73.1
STU0253,9.68,60.4,76.2,64.7,92.3,73.4,1,0,68.8
STU0254,8.49,38.5,80.1,62.3,59.1,39.9,2,1,55.3
STU0255,5.68,69.0,64.2,60.5,60.4,61.7,1,0,55.7
STU0256,6.82,85.6,63.2,72.1,57.6,69.2,3,0,53.9
STU0257,8.74,66.3,51.6,47.0,82.5,55.9,4,2,56.3
STU0258,6.57,78.3,49.8,85.9,60.1,88.4,1,5,69.2
STU0259,7.84,92.0,80.8,58.7,73.5,60.7,1,5,77.4
STU0260,8.2,88.2,85.2,78.1,78.0,61.2,2,9,84.6
STU0261,6.33,88.7,56.4,50.2,86.7,89.7,1,0,65.7
STU0262,7.28,76.7,62.6,77.4,78.4,76.3,4,4,74.2
STU0263,4.0,57.8,41.7,77.4,51.7,43.7,3,0,30.8
STU0264,6.22,36.6,77.3,73.4,51.4,50.4,3,0,54.2
STU0265,7.07,60.4,71.4,54.1,58.6,71.5,2,0,62.8
STU0266,5.98,48.1,88.4,71.5,55.1,50.1,1,14,62.1
STU0267,9.15,100.0,52.4,51.4,90.0,100.0,0,3,76.5
STU0268,5.78,58.3,53.2,64.5,66.2,40.5,2,3,55.0
STU0269,6.87,65.8,64.5,82.4,73.2,69.8,0,0,69.6
STU0270,7.49,74.2,72.0,79.2,75.5,78.9,4,0,72.2
STU0271,8.94,69.7,61.9,68.2,70.7,72.9,2,0,66.9
STU0272,5.77,88.2,45.7,54.4,79.3,72.5,0,4,69.3
STU0273,8.63,58.2,77.8,77.0,66.3,54.9,0,10,65.6
STU0274,7.36,68.1,72.8,68.3,59.5,65.0,1,5,57.4
STU0275,6.27,50.4,46.1,35.5,52.8,59.0,1,2,52.6
STU0276,7.86,45.2,83.3,79.0,58.8,56.0,2,9,68.8
STU0277,7.57,55.8,80.0,67.7,69.9,68.0,0,2,53.5
STU0278,6.69,62.8,62.7,84.8,62.0,48.5,0,0,59.1
STU0279,7.43,58.3,63.3,52.7,53.8,52.4,1,6,56.3
STU0280,6.93,52.9,69.5,23.5,59.7,44.3,2,1,57.2
STU0281,7.47,42.8,49.3,71.9,56.7,44.6,1,14,56.2
STU0282,8.08,65.5,63.9,72.1,70.5,72.2,4,0,68.1
STU0283,9.09,45.3,33.2,44.3,69.3,53.8,2,24,57.0
STU0284,5.99,73.8,72.4,54.3,75.0,93.0,3,0,66.3
STU0285,9.7,72.2,43.3,100.0,72.4,67.5,2,2,75.5
STU0286,5.2,36.3,80.3,63.7,40.8,42.1,2,0,42.4
STU0287,7.18,59.6,56.7,78.2,55.0,56.7,1,0,55.7
STU0288,8.0,54.6,60.1,58.9,68.9,50.4,3,8,62.0
STU0289,7.66,70.9,53.2,38.7,82.0,66.8,2,0,55.6
STU0290,6.67,84.7,56.3,65.6,71.8,82.4,3,9,79.8
STU0291,7.12,34.4,82.8,64.3,48.6,43.8,1,2,53.8
STU0292,6.81,65.5,23.6,62.4,76.9,55.8,2,4,60.6
STU0293,6.7,60.8,79.9,66.4,66.6,49.8,1,6,59.3
STU0294,8.28,78.1,68.9,71.7,79.4,65.5,1,0,72.6
STU0295,7.74,69.4,44.7,65.9,60.4,62.1,0,0,60.4
STU0296,6.59,51.1,44.3,50.3,62.7,65.6,3,6,58.9
STU0297,8.34,62.4,89.1,74.8,60.8,44.9,5,1,76.4
STU0298,7.69,53.1,48.5,40.7,52.5,48.8,2,9,50.5
STU0299,8.24,84.5,46.5,39.3,76.2,73.5,1,0,62.1
STU0300,8.04,67.1,80.4,78.3,65.0,43.1,0,6,62.7
STU0301,6.44,93.1,65.3,75.1,76.1,67.6,1,0,70.6
STU0302,6.73,62.5,46.7,67.2,51.9,49.3,2,2,57.9
STU0303,8.17,55.7,66.9,48.5,72.0,50.1,0,3,60.5
STU0304,8.02,42.5,48.0,58.1,66.3,52.6,1,0,59.2
STU0305,7.33,36.1,78.5,64.3,36.4,38.7,2,2,54.2
STU0306,7.48,40.0,78.2,45.7,62.3,43.0,1,10,56.8
STU0307,8.76,72.8,72.8,57.7,68.2,69.1,5,6,66.3
STU0308,6.7,71.5,66.1,77.1,74.7,83.1,0,5,71.9
STU0309,7.95,41.2,89.6,88.0,55.9,63.9,2,0,62.3
STU0310,7.13,78.8,61.6,62.1,73.0,49.5,0,15,70.4
STU0311,7.11,56.7,43.8,78.6,60.2,61.3,0,1,53.7
STU0312,8.56,70.4,71.2,41.2,82.6,65.5,0,10,71.8
STU0313,8.26,93.1,95.1,77.2,73.4,76.8,2,20,86.6
STU0314,8.24,81.6,48.6,56.7,82.4,68.3,4,0,72.8
STU0315,8.79,64.3,59.5,72.3,79.3,64.9,2,0,67.8
STU0316,7.37,50.8,68.3,64.5,65.2,55.7,4,0,56.9
STU0317,8.1,32.4,62.7,86.5,71.1,41.6,2,1,57.7
STU0318,7.01,52.6,46.6,55.8,55.1,43.5,2,1,46.2
STU0319,7.71,62.5,79.5,76.8,74.0,57.2,1,2,67.6
STU0320,7.21,48.8,96.5,64.1,57.2,53.6,3,0,56.1
STU0321,7.46,63.2,65.2,65.8,75.8,68.4,3,7,68.8
STU0322,8.0,67.9,49.7,65.4,69.9,71.5,2,2,47.9
STU0323,6.45,59.2,37.0,56.2,57.8,51.1,1,0,53.7
STU0324,9.65,60.4,70.5,67.8,81.6,65.4,3,3,65.1
STU0325,6.24,64.9,76.3,67.1,59.3,68.7,0,4,57.7
STU0326,6.01,68.7,66.5,71.4,53.1,70.9,3,20,72.7
STU0327,8.62,50.7,64.5,69.2,59.1,52.0,2,2,60.7
STU0328,8.22,89.8,54.9,79.2,86.5,74.8,1,8,80.1
STU0329,8.04,65.1,47.0,80.9,79.8,66.2,3,8,64.5
STU0330,8.04,67.0,75.9,53.3,70.5,51.3,2,1,67.7
STU0331,7.34,76.3,75.7,80.2,82.7,68.1,2,4,73.3
STU0332,6.36,66.3,36.8,51.4,53.4,65.6,3,0,53.9
STU0333,7.43,80.5,86.0,76.2,71.0,75.4,2,9,82.8
STU0334,6.61,67.7,69.1,76.7,63.4,58.6,1,0,57.7
STU0335,8.42,57.9,85.1,41.2,65.3,59.5,0,4,64.1
STU0336,7.19,70.4,41.5,69.3,69.4,55.8,3,9,65.5
STU0337,6.44,44.4,39.7,61.4,59.1,56.8,1,0,48.1
STU0338,7.0,65.9,59.1,57.4,62.4,59.4,2,8,56.9
STU0339,7.8,65.6,70.5,86.9,69.3,59.1,2,12,70.3
STU0340,6.73,60.1,87.7,58.8,61.9,53.9,4,0,60.4
STU0341,6.45,60.7,70.8,56.7,54.3,55.2,1,9,64.1
STU0342,7.62,35.6,58.9,69.1,51.7,39.5,1,3,52.4
STU0343,7.62,56.9,47.1,77.6,62.2,62.7,2,24,61.0
STU0344,6.79,65.1,79.3,66.0,63.6,56.2,3,0,58.1
STU0345,6.83,66.3,46.5,84.3,65.9,77.2,1,0,59.9
STU0346,7.61,49.2,86.9,75.4,60.0,66.8,1,1,67.6
STU0347,5.76,81.3,54.5,37.5,66.4,59.3,2,24,62.4
STU0348,5.8,47.3,82.8,60.6,63.2,52.8,1,7,57.2
STU0349,6.56,78.5,70.6,60.1,61.6,59.2,2,8,73.3
STU0350,7.12,71.2,59.5,74.7,63.2,59.6,2,0,61.3
STU0351,7.69,55.5,54.9,31.3,85.1,81.3,1,9,56.9
STU0352,8.97,97.5,60.1,100.0,79.3,75.6,1,9,84.1
STU0353,8.29,48.3,70.3,75.4,50.2,52.9,2,7,62.2
STU0354,7.17,79.3,62.8,70.1,79.0,75.8,1,0,66.2
STU0355,7.33,81.0,53.1,84.5,57.8,55.9,1,4,61.5
STU0356,6.25,51.5,57.3,100.0,54.6,43.3,3,1,66.0
STU0357,7.33,87.2,63.1,80.2,94.8,65.9,3,4,75.7
STU0358,7.03,60.2,29.4,81.3,50.8,45.9,2,0,46.9
STU0359,7.7,70.5,69.6,69.8,54.5,31.9,1,0,60.6
STU0360,6.44,66.9,45.5,66.0,52.8,63.7,3,0,60.8
STU0361,7.92,64.3,45.8,61.3,75.1,83.2,5,2,64.2
STU0362,9.04,82.2,40.1,56.4,89.2,75.8,1,0,69.6
STU0363,7.23,77.4,34.9,58.4,68.3,52.7,1,15,57.3
STU0364,7.79,38.1,42.6,49.1,59.9,40.7,2,5,52.8
STU0365,8.11,87.8,52.9,66.9,91.3,72.7,2,3,69.6
STU0366,6.91,37.3,90.4,44.4,65.7,38.0,0,0,55.2
STU0367,7.6,82.1,54.6,70.7,73.9,79.0,3,0,73.2
STU0368,7.36,83.1,64.7,67.5,57.2,74.8,3,0,68.0
STU0369,7.46,47.8,68.2,70.1,51.7,37.9,0,0,48.5
STU0370,6.5,56.3,62.3,60.7,56.2,61.6,0,2,49.8
STU0371,7.38,47.4,60.9,100.0,55.7,65.5,2,22,72.5
STU0372,7.9,62.9,45.2,87.0,65.7,78.8,2,3,61.0
STU0373,8.95,64.1,87.0,50.6,79.8,92.4,3,0,74.2
STU0374,8.41,80.1,91.2,71.3,87.5,63.9,1,1,76.1
STU0375,9.72,91.9,41.5,59.5,85.7,100.0,2,0,71.1
STU0376,6.51,85.2,45.0,53.8,82.9,70.5,2,24,68.2
STU0377,8.31,58.4,59.7,49.2,69.0,52.6,2,2,65.9
STU0378,7.55,62.2,47.9,74.1,66.2,62.8,1,15,78.1
STU0379,9.76,44.1,74.4,58.5,70.6,46.7,3,24,65.4
STU0380,6.46,49.9,49.3,81.5,56.9,55.7,0,0,51.7
STU0381,6.43,78.1,92.6,81.9,86.8,58.7,0,0,66.1
STU0382,6.69,89.2,78.5,87.2,65.2,69.0,3,1,67.9
STU0383,5.01,39.4,60.5,56.1,42.6,56.2,2,4,38.8
STU0384,6.77,54.1,76.2,74.7,58.3,53.3,2,3,59.4
STU0385,6.51,62.5,76.9,76.9,66.3,61.1,1,6,65.3
STU0386,7.52,69.9,53.9,61.4,79.6,71.1,1,3,67.2
STU0387,7.73,53.0,50.5,57.2,61.5,65.9,1,0,55.3
STU0388,9.41,76.9,67.3,90.5,67.3,49.9,3,5,76.1
STU0389,8.4,60.0,77.0,71.2,73.9,66.3,1,7,65.4
STU0390,6.72,63.2,62.8,76.9,69.8,58.2,3,14,67.7
STU0391,6.36,71.3,36.4,56.5,51.2,61.5,1,1,51.3
STU0392,7.89,66.5,51.0,50.9,68.9,72.7,2,2,55.2
STU0393,5.9,54.4,58.0,60.0,44.2,38.6,1,1,41.1
STU0394,9.36,68.3,64.9,66.3,68.9,52.8,0,1,60.4
STU0395,8.65,66.8,94.2,53.1,64.1,41.8,2,0,54.7
STU0396,6.83,57.8,40.2,67.9,67.9,52.5,0,2,49.7
STU0397,5.47,56.1,65.8,44.4,57.4,67.9,1,0,52.0
STU0398,8.84,94.3,87.3,52.3,75.4,75.1,1,0,75.8
STU0399,7.22,73.7,95.8,77.4,77.5,54.1,2,1,73.0
STU0400,8.71,63.7,58.7,76.5,58.5,53.4,1,5,67.3
STU0401,5.6,71.8,65.9,62.5,67.3,49.2,0,1,53.8
STU0402,6.69,58.0,69.2,53.8,54.6,43.5,0,2,56.9
STU0403,7.36,83.8,64.9,53.6,73.0,74.8,6,0,67.0
STU0404,7.4,71.0,60.6,62.8,73.8,53.7,1,0,63.4
STU0405,6.85,62.0,67.5,77.0,67.8,71.0,4,3,67.7
STU0406,8.04,73.9,25.4,81.0,83.7,68.5,3,0,66.4
STU0407,6.18,36.9,69.9,61.0,48.3,44.6,3,3,51.3
STU0408,7.19,46.6,63.6,51.9,59.3,48.0,3,1,56.2
STU0409,7.48,46.2,58.9,71.7,54.1,57.0,3,0,57.9
STU0410,7.92,68.7,93.8,56.5,71.6,71.6,1,6,64.0
STU0411,8.13,94.7,53.4,60.7,87.3,82.8,0,0,76.0
STU0412,6.11,97.6,53.5,86.6,78.4,84.2,1,0,69.5
STU0413,5.66,71.0,88.5,79.6,50.1,57.3,1,6,59.8
STU0414,8.76,76.5,52.3,70.2,79.2,74.7,0,3,68.7
STU0415,7.72,37.1,54.5,50.2,56.6,42.5,1,0,51.3
STU0416,6.53,54.3,58.1,71.0,53.3,52.8,3,24,62.6
STU0417,9.06,56.7,78.0,82.9,57.2,52.1,0,0,63.7
STU0418,7.48,55.4,65.4,62.7,73.9,53.8,0,0,53.9
STU0419,8.65,65.6,45.2,86.9,74.6,56.3,2,2,63.0
STU0420,7.42,57.6,54.2,86.1,61.3,60.9,1,0,51.1
STU0421,9.62,39.0,57.4,91.3,51.3,58.5,4,3,57.1
STU0422,9.28,81.8,64.7,72.3,74.2,82.1,0,0,65.3
STU0423,7.08,47.2,67.8,76.2,67.2,40.5,2,0,59.2
STU0424,8.42,71.5,70.4,87.8,74.1,78.6,4,3,85.0
STU0425,8.06,100.0,36.8,74.3,81.8,77.2,2,0,76.3
STU0426,8.86,54.1,81.0,61.0,69.7,62.7,4,7,58.7
STU0427,6.29,21.9,63.7,61.7,35.3,24.6,1,1,38.2
STU0428,8.1,62.3,84.3,71.3,79.5,64.3,2,0,63.6
STU0429,8.51,85.5,71.0,49.9,91.1,79.4,0,0,64.5
STU0430,5.42,91.5,74.7,66.0,70.3,58.9,2,0,63.8
STU0431,6.05,42.1,66.4,83.4,46.2,51.6,2,1,55.6
STU0432,5.11,67.3,77.7,37.3,40.0,68.8,4,12,49.2
STU0433,7.05,56.8,69.2,89.5,49.7,51.2,1,2,59.1
STU0434,8.14,65.3,62.1,83.7,58.3,72.6,5,0,67.9
STU0435,9.0,100.0,99.4,61.6,90.1,80.6,1,4,88.2
STU0436,7.43,41.2,75.5,75.6,52.3,55.1,0,0,55.7
STU0437,9.14,73.5,74.2,68.0,65.4,42.3,3,16,73.1
STU0438,5.83,68.7,39.8,85.2,61.6,85.5,1,16,63.7
STU0439,5.48,77.7,38.9,81.8,71.3,82.7,2,0,57.2
STU0440,7.29,66.4,66.3,48.4,71.3,59.9,5,0,59.8
STU0441,7.77,71.0,65.0,76.2,55.6,41.1,0,0,54.5
STU0442,7.31,58.6,52.7,65.1,62.2,59.8,1,0,62.8
STU0443,5.08,63.6,59.6,69.2,48.0,41.2,2,4,43.8
STU0444,7.25,59.3,85.6,57.8,70.6,63.8,0,4,67.3
STU0445,5.92,71.4,69.6,92.5,71.7,69.2,0,0,60.1
STU0446,8.09,60.9,46.4,82.6,59.5,47.9,4,0,64.3
STU0447,7.75,72.0,61.1,57.6,65.2,74.9,1,0,66.5
STU0448,6.32,61.9,47.9,49.3,58.2,65.5,3,2,60.3
STU0449,6.78,81.6,55.1,62.6,55.1,75.3,1,2,58.2
STU0450,6.18,61.3,53.5,74.1,63.9,58.6,0,15,61.7
STU0451,7.28,36.5,54.7,71.4,49.9,29.7,2,0,48.5
STU0452,8.4,87.8,45.3,85.5,88.9,86.5,4,0,74.2
STU0453,6.27,47.8,57.9,79.1,45.9,45.3,4,7,57.8
STU0454,7.9,55.9,54.7,81.6,58.7,40.9,1,4,62.3
STU0455,6.77,54.0,16.9,72.6,47.3,64.6,3,7,49.3
STU0456,6.48,84.8,91.1,48.5,65.8,90.6,1,1,72.2
STU0457,7.23,30.5,78.1,65.3,39.5,38.2,1,11,50.0
STU0458,6.21,100.0,54.1,82.8,88.6,100.0,1,1,75.6
STU0459,6.74,80.4,61.1,67.3,66.8,68.8,2,3,65.3
STU0460,6.03,65.3,41.8,75.0,63.7,56.5,3,0,57.4
STU0461,9.51,69.5,91.8,63.5,72.2,58.0,3,0,74.2
STU0462,7.39,69.7,90.5,53.6,58.8,77.4,0,7,60.9
STU0463,6.58,71.4,62.8,66.3,66.1,55.9,0,17,73.7
STU0464,7.59,75.9,77.8,72.3,77.5,75.9,0,0,62.3
STU0465,7.23,73.6,64.4,58.8,60.8,57.7,1,0,61.5
STU0466,7.11,65.8,41.5,64.7,72.7,58.2,2,0,57.7
STU0467,8.03,63.5,57.2,54.8,61.0,69.2,2,0,56.4
STU0468,8.18,64.7,65.6,83.7,65.0,56.6,3,5,67.0
STU0469,6.77,60.4,54.0,63.9,66.8,54.8,3,0,61.8
STU0470,6.72,81.6,57.5,88.3,67.6,79.9,3,3,75.5
STU0471,7.05,73.7,60.0,89.4,70.3,81.7,4,11,74.2
STU0472,4.82,11.6,55.7,66.9,29.7,34.1,2,0,34.5
STU0473,5.68,71.3,59.5,53.9,65.7,57.0,1,5,51.9
STU0474,8.85,71.9,49.1,38.8,55.5,56.1,2,0,55.2
STU0475,9.16,69.2,54.9,47.4,59.5,61.8,1,0,59.8
STU0476,7.08,58.1,42.2,48.8,67.2,61.2,2,13,48.5
STU0477,7.98,84.6,77.9,87.3,86.5,64.8,0,0,75.4
STU0478,7.69,81.0,31.1,69.6,68.3,75.8,1,6,63.5
STU0479,10.0,59.3,84.6,73.5,69.7,59.9,1,3,73.8
STU0480,8.58,74.6,85.3,36.9,77.4,50.8,0,0,64.7
STU0481,7.21,49.1,57.2,51.2,63.7,43.7,0,14,57.7
STU0482,6.3,40.3,20.9,80.4,34.8,36.8,2,0,42.4
STU0483,5.58,50.6,53.0,72.0,46.9,48.8,1,14,55.0
STU0484,7.57,79.4,61.5,65.9,71.7,87.5,7,1,75.0
STU0485,6.52,78.2,45.2,75.9,76.3,71.6,1,0,59.1
STU0486,5.79,69.3,51.1,90.9,84.0,58.8,1,18,69.8
STU0487,6.64,74.8,83.5,64.9,67.5,67.8,1,3,72.6
STU0488,6.16,70.3,69.6,69.0,54.4,56.7,1,4,65.3
STU0489,9.21,59.4,51.8,70.7,72.5,63.1,4,0,64.6
STU0490,8.32,74.3,40.0,100.0,84.7,75.4,2,5,74.2
STU0491,7.34,77.8,57.1,38.6,73.8,80.5,0,0,65.1
STU0492,8.98,81.1,62.1,77.6,72.2,69.3,1,4,66.4
STU0493,7.44,84.2,69.6,66.4,84.1,90.3,1,8,78.4
STU0494,6.4,74.0,52.1,75.9,73.5,75.7,0,0,55.2
STU0495,9.03,74.8,73.0,58.8,68.3,58.7,1,4,70.5
STU0496,7.94,83.6,92.2,67.3,80.7,94.9,4,12,83.4
STU0497,6.21,61.7,72.0,78.0,69.5,63.4,1,0,62.6
STU0498,7.14,50.4,60.9,100.0,68.1,46.3,2,0,60.2
STU0499,6.39,60.0,57.3,79.3,60.6,73.7,4,1,62.7
STU0500,5.83,49.3,53.6,56.1,51.3,70.8,2,3,52.4
STU0501,8.37,56.7,81.7,62.1,75.3,59.0,1,0,67.2
STU0502,9.45,67.9,56.8,61.7,64.6,56.7,2,0,67.7
STU0503,5.81,48.5,59.6,42.9,57.2,49.4,5,0,51.6
STU0504,7.97,61.6,64.0,63.4,55.8,63.8,1,3,52.6
STU0505,6.63,32.9,53.0,78.3,56.9,56.8,1,0,56.4
STU0506,6.81,67.1,40.3,50.2,63.9,66.9,2,7,51.7
STU0507,6.7,63.4,65.5,82.7,73.9,63.0,1,19,67.3
STU0508,6.4,49.6,59.2,74.8,59.9,67.3,5,6,59.4
STU0509,7.4,75.7,69.6,57.7,62.3,61.5,2,6,65.5
STU0510,6.44,77.7,52.2,66.0,81.6,80.7,0,5,61.5
STU0511,7.65,40.0,80.9,90.4,67.4,47.0,1,1,56.7
STU0512,7.29,52.7,48.7,78.3,67.3,59.8,2,8,61.0
STU0513,7.09,52.0,87.2,68.1,53.2,50.6,1,0,55.6
STU0514,6.35,47.5,33.8,64.7,52.3,48.9,2,6,56.1
STU0515,6.72,76.7,67.3,69.1,71.7,63.6,1,14,67.3
STU0516,8.18,64.0,70.8,60.8,62.9,73.0,0,9,59.9
STU0517,7.9,62.1,51.2,38.5,80.3,55.7,0,9,65.9
STU0518,6.27,30.2,66.2,96.6,47.1,33.0,4,16,62.6
STU0519,7.46,75.4,81.4,70.2,50.5,82.8,1,24,83.1
STU0520,8.18,47.2,30.4,73.6,62.9,61.8,2,0,45.4
STU0521,5.51,61.4,65.9,67.2,56.4,32.9,1,0,52.9
STU0522,7.95,70.9,25.8,57.7,70.7,58.9,1,0,57.9
STU0523,6.62,84.9,46.1,65.4,71.4,53.0,1,9,65.2
STU0524,7.98,45.6,87.7,45.6,65.2,42.3,1,0,55.7
STU0525,6.51,14.6,51.6,99.9,47.8,10.0,3,0,57.3
STU0526,5.36,63.0,40.4,50.7,61.8,57.4,1,0,49.2
STU0527,5.56,89.3,55.5,53.6,70.6,61.4,3,8,57.3
STU0528,7.4,85.0,93.1,61.8,76.4,72.9,1,4,71.1
STU0529,7.64,69.1,35.1,86.0,69.6,47.2,2,3,57.0
STU0530,6.36,54.6,44.2,68.2,52.0,53.4,1,1,51.2
STU0531,8.05,79.7,85.9,50.7,80.6,66.9,3,0,75.9
STU0532,5.52,44.9,86.2,85.6,54.7,63.9,2,0,55.7
STU0533,7.28,72.4,60.3,78.2,82.4,82.3,1,0,68.0
STU0534,6.02,69.8,40.7,75.5,75.0,73.0,3,6,60.9
STU0535,6.63,80.2,92.0,78.0,66.5,64.4,2,0,75.0
STU0536,7.4,100.0,86.0,100.0,90.8,100.0,1,3,95.4
STU0537,6.4,68.9,70.3,98.6,58.1,45.0,3,0,66.0
STU0538,6.93,55.8,49.0,58.4,66.2,42.6,0,2,59.9
STU0539,8.46,67.4,63.5,90.7,66.9,61.2,4,10,70.4
STU0540,6.72,35.1,58.3,73.4,41.5,63.7,1,0,43.2
STU0541,8.27,56.2,68.8,75.0,67.1,55.0,3,1,67.5
STU0542,6.11,55.3,81.3,44.3,36.6,47.2,0,0,49.3
STU0543,7.93,58.1,76.4,65.6,50.8,39.4,1,0,55.2
STU0544,8.94,71.4,49.0,56.6,73.1,74.9,4,1,66.4
STU0545,4.63,45.0,77.2,79.6,49.1,57.1,2,1,41.0
STU0546,6.47,80.7,64.9,83.0,68.8,76.4,3,11,67.1
STU0547,7.98,66.6,73.6,39.0,56.6,52.8,2,0,58.5
STU0548,7.13,64.3,83.6,67.7,59.0,51.6,5,2,67.9
STU0549,7.76,60.8,46.1,83.7,68.8,46.6,4,6,70.3
STU0550,6.69,65.8,60.1,65.4,69.6,62.9,2,1,65.6
STU0551,7.45,78.4,54.2,78.2,73.4,57.9,1,4,69.4
STU0552,7.18,50.7,38.1,72.9,68.1,43.1,2,0,60.0
STU0553,8.63,57.7,69.8,72.8,69.9,54.2,3,3,67.9
STU0554,7.63,60.8,100.0,64.2,59.3,52.3,2,0,63.7
STU0555,7.72,44.4,35.1,51.0,55.1,43.4,3,0,52.5
STU0556,6.9,50.8,60.6,52.3,46.8,54.2,2,3,56.2
STU0557,6.81,56.0,70.5,77.9,59.6,55.9,1,4,61.0
STU0558,6.87,77.8,62.9,68.3,80.4,67.2,1,0,62.0
STU0559,7.78,70.3,61.2,66.1,76.0,67.5,2,3,59.1
STU0560,6.89,66.9,41.6,62.1,77.3,54.5,2,8,65.4
STU0561,7.67,79.4,66.1,63.7,72.3,69.9,1,0,68.8
STU0562,9.63,68.5,55.2,82.7,85.9,68.8,1,0,72.1
STU0563,8.31,73.6,31.1,63.3,72.2,51.2,3,0,64.0
STU0564,6.99,62.5,79.2,49.2,76.0,72.1,4,0,62.0
STU0565,8.67,72.5,79.0,78.4,74.1,57.4,1,5,63.4
STU0566,6.9,54.6,61.9,65.1,65.6,56.9,0,18,63.0
STU0567,5.11,20.4,61.0,68.4,49.3,48.1,1,1,45.3
STU0568,6.24,60.1,75.9,90.5,59.2,66.1,0,0,63.9
STU0569,5.29,82.6,61.2,67.7,70.9,70.3,1,0,54.3
STU0570,6.96,78.9,74.8,72.0,82.6,67.5,2,18,77.0
STU0571,7.37,80.5,57.6,51.5,73.3,79.0,3,24,67.4
STU0572,9.19,89.4,85.4,64.9,73.7,80.4,2,4,72.0
STU0573,7.71,67.3,67.5,76.5,85.9,60.6,0,4,68.0
STU0574,7.11,67.6,64.4,46.2,63.3,53.3,1,0,58.0
STU0575,8.26,57.4,44.8,70.8,66.8,36.8,1,5,57.4
STU0576,4.92,53.9,61.4,69.4,62.9,56.5,0,0,49.5
STU0577,7.61,75.5,50.0,68.6,67.7,65.1,4,12,66.1
STU0578,8.2,86.4,54.1,82.5,71.7,83.2,1,0,72.0
STU0579,5.72,58.7,46.5,72.7,60.6,60.1,2,0,52.1
STU0580,8.61,60.9,48.5,88.7,54.0,69.3,0,0,58.2
STU0581,7.72,65.9,94.6,54.1,65.8,54.2,4,6,70.5
STU0582,6.89,73.5,81.1,69.9,71.4,77.3,0,4,73.4
STU0583,8.05,43.6,92.2,69.2,55.8,43.3,1,4,62.0
STU0584,9.85,34.5,48.7,53.0,46.4,49.9,2,0,51.6
STU0585,7.55,56.7,63.5,81.4,75.7,44.9,3,1,64.6
STU0586,7.62,46.2,43.1,100.0,58.8,52.8,1,0,58.7
STU0587,6.84,55.6,50.6,67.8,71.8,38.1,2,10,64.6
STU0588,6.42,60.3,46.4,75.1,59.3,54.3,4,2,67.1
STU0589,8.26,60.0,82.4,69.2,59.8,61.4,6,4,73.2
STU0590,6.41,85.9,54.2,58.0,76.3,67.5,0,0,63.6
STU0591,7.43,70.4,78.2,42.5,67.8,53.1,1,0,65.7
STU0592,6.82,68.5,70.0,58.1,57.3,68.6,1,19,67.1
STU0593,7.88,76.3,97.6,48.5,85.5,69.7,1,12,73.3
STU0594,7.72,47.7,40.5,91.9,54.0,45.1,0,0,55.6
STU0595,8.49,84.5,83.2,66.4,65.0,69.7,0,0,65.1
STU0596,6.79,62.4,78.1,63.2,74.2,88.0,2,3,69.7
STU0597,7.05,75.0,46.8,80.4,66.6,76.9,3,0,73.4
STU0598,6.27,45.2,75.0,52.3,48.5,59.1,4,0,58.1
STU0599,6.86,38.9,66.1,57.3,37.9,46.3,4,2,56.5
STU0600,7.77,79.1,59.4,69.0,88.8,74.5,2,5,71.3
STU0601,8.18,73.1,51.3,82.4,62.8,39.6,1,11,67.5
STU0602,6.34,48.0,49.2,75.0,55.5,43.7,0,1,54.4
STU0603,8.31,53.5,94.7,71.5,71.0,52.0,3,7,68.7
STU0604,8.84,86.7,65.0,69.1,85.3,56.6,2,0,75.2
STU0605,7.8,47.1,74.6,73.6,58.5,39.2,4,15,67.1
STU0606,9.41,96.4,54.3,70.8,74.9,57.3,2,1,74.9
STU0607,6.5,48.5,48.6,53.6,49.2,48.7,5,15,51.4
STU0608,5.98,71.8,75.5,68.6,67.3,72.3,2,4,72.4
STU0609,5.39,54.9,37.8,53.0,49.3,63.1,2,4,47.8
STU0610,9.0,78.8,59.1,69.1,80.0,74.6,0,22,73.2
STU0611,8.07,58.1,64.0,61.3,70.7,49.2,3,24,66.3
STU0612,7.29,62.2,63.5,100.0,72.7,41.9,1,6,67.0
STU0613,7.66,66.4,59.9,67.4,58.4,41.9,1,0,54.8
STU0614,6.11,45.9,65.5,48.3,70.8,40.7,2,4,60.4
STU0615,10.0,83.5,77.7,66.1,89.9,66.1,0,0,78.4
STU0616,7.49,57.1,73.3,75.3,63.0,54.9,1,4,66.9
STU0617,7.47,61.6,47.5,91.4,73.9,51.1,1,5,70.1
STU0618,8.15,51.1,59.3,59.7,80.9,61.6,1,0,60.4
STU0619,7.88,25.3,81.0,45.8,36.8,33.3,3,0,42.0
STU0620,7.6,62.6,75.9,79.4,64.3,59.3,2,0,67.8
STU0621,6.48,100.0,39.7,48.7,62.4,87.0,1,0,67.7
STU0622,7.87,78.9,68.3,61.9,76.6,57.8,2,0,74.0
STU0623,9.42,69.9,36.5,64.4,78.1,70.2,3,5,70.6
STU0624,8.83,64.5,65.7,67.0,70.4,61.5,1,7,66.5
STU0625,9.1,69.7,94.0,77.6,68.9,60.3,0,1,69.8
STU0626,6.79,72.3,46.7,58.4,52.1,69.4,1,6,62.4
STU0627,6.26,43.4,47.3,64.2,55.5,57.2,0,2,38.1
STU0628,7.21,82.5,73.2,67.8,86.5,64.3,1,0,72.0
STU0629,7.41,76.6,39.0,70.1,67.8,64.6,1,0,64.7
STU0630,8.55,79.5,54.9,69.4,80.9,73.8,1,7,70.6
STU0631,5.49,67.4,67.2,74.1,49.6,55.0,2,1,54.5
STU0632,9.03,69.5,55.9,79.8,77.5,71.5,2,5,71.4
STU0633,7.18,75.3,58.1,73.5,68.0,68.7,1,0,70.1
STU0634,6.88,73.3,72.2,74.4,63.2,82.1,2,1,69.9
STU0635,6.24,56.6,66.1,45.8,52.9,38.4,0,0,47.4
STU0636,5.53,51.3,62.4,68.7,51.1,49.6,0,0,53.9
STU0637,8.26,68.9,58.7,74.7,74.3,55.5,5,9,76.5
STU0638,7.43,90.0,67.7,78.2,68.8,78.7,0,2,68.6
STU0639,5.93,41.6,57.3,58.3,47.4,29.4,0,2,58.5
STU0640,5.93,38.0,66.0,58.8,48.4,47.7,1,0,48.5
STU0641,6.98,66.7,53.8,60.0,57.5,53.1,0,3,60.1
STU0642,9.19,70.4,62.9,75.5,89.1,61.6,1,0,72.8
STU0643,7.06,67.1,46.6,82.5,59.9,45.7,1,6,57.4
STU0644,5.7,64.8,58.2,62.3,56.1,53.5,3,0,53.5
STU0645,7.08,60.8,49.3,80.7,55.8,67.1,1,10,61.5
STU0646,7.05,88.1,44.7,69.7,91.6,77.3,1,6,64.5
STU0647,4.38,32.0,59.9,66.3,45.6,47.1,3,0,41.5
STU0648,7.29,51.6,65.1,65.0,52.2,67.9,2,0,48.7
STU0649,7.1,62.7,73.2,78.5,73.5,64.2,3,0,67.3
STU0650,8.12,40.6,57.1,72.6,58.3,42.3,1,3,52.1
STU0651,9.38,67.3,72.2,99.9,75.8,68.9,0,0,73.9
STU0652,8.59,94.7,72.7,56.1,82.4,72.8,0,0,63.7
STU0653,7.05,64.6,68.1,75.3,59.5,53.9,1,22,58.9
STU0654,6.13,65.6,47.2,60.6,65.9,45.8,5,0,55.9
STU0655,10.0,51.5,69.5,55.8,63.4,63.3,1,0,61.7
STU0656,7.42,55.3,67.6,67.8,76.4,55.1,4,0,65.2
STU0657,7.37,59.0,62.1,69.9,53.5,56.8,1,1,61.9
STU0658,7.32,59.9,30.6,100.0,76.2,50.6,0,0,59.8
STU0659,7.57,86.1,64.8,65.4,76.8,77.3,3,8,74.9
STU0660,7.19,73.5,94.9,52.2,72.7,58.6,3,12,68.5
STU0661,6.72,45.6,55.3,71.8,61.6,49.5,2,5,55.7
STU0662,6.75,67.4,49.9,39.0,60.9,69.4,2,2,55.8
STU0663,7.31,72.9,67.5,66.7,77.3,75.0,1,3,59.4
STU0664,6.75,81.7,65.5,68.2,51.5,64.4,3,3,61.7
STU0665,6.57,88.3,78.3,79.1,70.1,54.6,4,0,75.2
STU0666,7.47,49.1,43.4,81.6,51.5,79.9,2,0,56.5
STU0667,7.07,51.3,72.4,61.0,48.8,67.8,1,0,54.3
STU0668,9.0,49.0,74.2,65.9,61.8,59.7,2,0,58.1
STU0669,4.43,54.0,54.0,57.3,55.4,45.6,2,2,34.5
STU0670,8.55,75.5,69.5,52.2,81.0,68.1,3,1,60.2
STU0671,8.72,84.2,80.2,72.3,82.2,68.0,0,11,75.8
STU0672,5.07,58.1,70.5,50.2,50.9,66.5,0,8,55.6
STU0673,6.97,58.9,44.1,62.2,65.3,60.5,3,0,57.2
STU0674,6.94,66.4,73.5,54.1,67.0,53.8,1,1,64.9
STU0675,5.8,47.8,57.9,75.7,60.8,47.0,2,0,49.1
STU0676,6.49,96.3,61.4,93.2,85.8,91.0,1,5,82.4
STU0677,6.13,36.2,60.7,49.8,48.7,59.5,1,0,43.7
STU0678,9.28,72.8,63.6,42.1,69.0,80.3,0,4,60.7
STU0679,8.38,100.0,81.9,66.3,81.9,88.0,1,5,85.5
STU0680,8.75,68.6,63.5,68.2,68.2,60.4,1,0,63.2
STU0681,8.14,63.9,46.8,71.1,65.9,27.8,2,4,53.4
STU0682,6.11,56.2,53.6,61.8,60.6,58.4,2,0,55.4
STU0683,6.77,60.7,63.5,65.2,68.4,59.4,3,3,59.4
STU0684,7.89,88.3,81.5,73.1,79.4,76.0,1,7,71.8
STU0685,6.01,26.2,68.4,82.6,43.3,38.2,2,0,46.6
STU0686,8.13,91.5,50.8,40.6,83.3,63.7,2,2,75.8
STU0687,7.09,41.6,98.7,62.8,49.9,51.8,2,0,63.4
STU0688,6.94,59.7,65.1,71.0,55.3,62.0,1,3,50.8
STU0689,8.13,60.1,82.7,55.1,52.4,62.0,4,0,61.8
STU0690,7.84,75.6,60.7,92.2,67.8,75.4,1,7,71.0
STU0691,6.95,38.4,69.2,59.1,55.9,52.3,0,11,53.7
STU0692,8.63,75.6,77.1,67.4,70.0,62.4,1,3,66.2
STU0693,6.16,94.4,77.9,75.8,75.8,75.7,1,0,77.7
STU0694,8.03,44.9,79.2,59.7,62.3,51.7,3,24,68.7
STU0695,8.0,69.7,76.4,42.1,75.0,66.2,1,0,67.8
STU0696,7.01,53.6,56.6,62.0,51.2,61.9,4,0,57.7
STU0697,7.71,72.7,54.1,82.4,79.5,74.0,3,3,73.3
STU0698,5.97,61.9,64.2,63.3,69.9,81.1,1,8,61.7
STU0699,8.37,57.3,78.0,56.1,56.7,77.0,2,2,55.4
STU0700,7.15,72.3,58.3,81.0,63.0,64.1,1,5,58.3
STU0701,6.78,92.4,76.8,63.4,88.1,40.2,3,3,70.6
STU0702,8.5,64.8,86.1,60.9,68.8,73.7,3,1,68.1
STU0703,6.58,74.6,46.7,70.1,51.3,56.0,1,0,51.4
STU0704,5.8,40.4,46.3,78.8,38.4,34.8,2,0,41.8
STU0705,5.64,45.4,56.5,100.0,49.6,43.9,1,6,53.0
STU0706,8.02,74.2,67.9,79.6,63.9,59.9,4,1,72.9
STU0707,5.94,85.2,51.3,84.2,69.1,76.8,1,0,68.5
STU0708,9.28,75.5,86.1,60.9,77.9,52.9,1,6,68.3
STU0709,5.06,54.3,63.8,53.6,66.0,45.1,2,0,48.9
STU0710,9.22,69.7,66.3,68.9,72.2,67.8,2,0,61.9
STU0711,7.58,45.6,40.9,69.5,66.1,58.3,3,5,53.2
STU0712,7.24,74.4,42.0,52.9,82.4,75.5,2,1,56.3
STU0713,6.75,77.6,65.0,65.5,82.5,62.7,1,0,68.5
STU0714,7.79,58.9,30.9,73.6,67.1,48.5,3,0,55.6
STU0715,7.31,57.4,77.1,73.0,46.9,47.5,1,9,60.2
STU0716,8.56,72.3,62.1,75.1,77.5,69.3,1,0,71.2
STU0717,7.48,58.3,100.0,72.1,72.0,74.1,1,10,67.7
STU0718,7.52,64.4,96.9,60.9,66.1,40.0,4,7,71.6
STU0719,6.95,97.6,58.5,60.8,95.6,80.6,0,0,82.5
STU0720,7.29,60.9,60.3,51.2,71.2,46.9,2,0,53.9
STU0721,7.69,60.1,77.6,93.0,69.7,42.9,4,1,62.7
STU0722,5.47,49.9,83.8,68.2,62.1,62.7,0,0,49.1
STU0723,5.87,73.2,34.5,64.9,68.9,70.6,2,8,62.2
STU0724,8.17,64.1,36.8,55.0,48.6,60.5,2,11,63.9
STU0725,7.54,55.1,53.0,100.0,58.2,63.5,1,0,67.9
STU0726,7.15,85.6,70.3,53.0,85.8,70.2,0,3,73.2
STU0727,7.37,87.8,69.5,62.0,71.5,68.1,1,8,74.9
STU0728,7.73,56.3,78.8,73.8,61.6,77.6,1,0,65.2
STU0729,6.76,33.7,42.8,76.4,40.7,37.9,1,0,49.1
STU0730,6.49,79.0,25.5,81.4,85.2,79.2,1,0,66.1
STU0731,7.57,54.6,75.3,93.3,75.4,58.5,0,0,62.0
STU0732,6.27,75.0,47.4,75.1,61.2,45.6,3,2,68.5
STU0733,7.8,34.6,32.6,53.2,53.9,23.6,1,2,50.8
STU0734,5.48,74.6,60.4,64.4,60.3,57.9,2,0,53.7
STU0735,8.48,48.5,76.2,72.3,66.6,64.0,1,6,66.3
STU0736,7.87,78.0,61.2,97.0,78.7,77.7,1,2,79.7
STU0737,7.63,65.9,55.7,48.4,74.4,72.4,0,2,61.3
STU0738,8.43,52.4,61.8,84.8,66.2,45.3,2,14,65.1
STU0739,9.18,63.1,60.1,70.5,94.6,83.2,4,4,79.8
STU0740,8.47,78.8,44.0,79.7,68.6,57.9,4,0,68.2
STU0741,5.33,61.6,47.2,66.6,45.1,56.1,2,0,45.3
STU0742,5.94,70.8,67.0,56.2,62.1,62.3,0,14,57.3
STU0743,6.66,94.9,65.5,78.5,66.9,72.7,2,0,60.0
STU0744,7.38,40.0,64.6,77.2,42.2,57.0,2,4,62.9
STU0745,7.92,92.3,48.2,81.6,73.9,68.0,3,0,68.5
STU0746,6.55,64.7,57.7,67.8,56.6,44.8,3,2,63.0
STU0747,7.56,51.1,29.8,59.6,52.6,51.4,3,0,46.2
STU0748,6.52,41.6,63.0,46.2,56.5,43.9,1,21,54.9
STU0749,6.68,60.3,82.1,79.5,58.1,90.4,2,17,72.2
STU0750,5.8,75.9,36.8,73.9,65.9,72.4,2,2,55.0
STU0751,6.33,60.4,51.2,54.5,68.4,55.2,0,2,58.6
STU0752,5.86,85.5,64.0,60.5,66.2,59.4,3,19,68.3
STU0753,6.28,39.1,78.6,61.5,48.3,25.9,3,4,57.3
STU0754,8.51,67.7,57.6,47.2,74.3,53.8,2,1,67.3
STU0755,6.31,42.4,49.5,56.6,36.6,44.3,1,7,50.1
STU0756,10.0,77.4,37.8,52.1,61.6,79.5,1,2,61.5
STU0757,7.89,80.5,64.6,62.2,78.7,82.1,1,2,78.4
STU0758,7.55,58.8,93.0,57.7,68.0,60.7,0,13,66.6
STU0759,6.41,21.0,64.3,45.2,58.2,35.8,0,0,45.3
STU0760,8.12,70.1,63.2,96.3,72.7,67.4,4,0,71.5
STU0761,6.72,70.4,65.6,85.5,73.9,60.0,1,2,61.6
STU0762,7.48,71.8,62.1,57.1,68.8,81.7,4,6,62.9
STU0763,10.0,91.4,55.1,71.8,90.1,76.8,2,1,75.0
STU0764,7.24,47.6,74.1,73.8,70.9,53.3,1,4,57.4
STU0765,8.61,79.0,67.9,84.7,60.4,43.5,3,0,67.4
STU0766,6.58,82.1,60.7,56.5,76.1,69.0,2,11,73.2
STU0767,7.31,36.4,47.3,83.3,69.2,57.1,1,2,53.5
STU0768,9.3,75.0,85.4,60.3,79.6,58.0,0,0,70.2
STU0769,6.66,55.2,70.6,49.3,72.8,50.5,0,0,54.1
STU0770,9.34,68.7,57.7,78.1,69.3,71.2,3,0,78.8
STU0771,8.13,72.5,78.6,86.1,72.4,51.0,4,0,78.7
STU0772,6.73,55.7,53.3,100.0,60.3,65.7,0,0,58.6
STU0773,8.05,55.9,51.7,51.2,46.4,46.4,3,8,56.4
STU0774,8.42,68.2,52.7,77.8,62.0,57.3,1,1,56.2
STU0775,8.03,49.3,36.8,62.3,52.0,38.9,1,1,48.6
STU0776,5.62,43.3,65.6,79.0,57.1,52.5,4,0,52.6
STU0777,6.55,73.9,32.9,47.4,75.6,91.7,1,0,62.2
STU0778,7.08,45.9,43.0,50.3,58.8,58.2,2,2,46.6
STU0779,7.27,75.5,30.7,57.1,78.1,59.8,1,1,65.7
STU0780,8.03,74.1,62.1,69.1,71.8,77.7,1,0,66.4
STU0781,7.55,37.9,60.1,59.0,63.2,44.7,3,0,50.7
STU0782,5.88,50.5,54.2,77.2,55.0,65.2,1,3,54.7
STU0783,7.77,85.2,47.2,82.4,78.3,81.0,2,0,74.7
STU0784,8.02,51.0,45.8,76.4,59.4,23.4,3,0,57.9
STU0785,7.97,59.1,70.2,90.7,70.9,49.3,2,3,67.7
STU0786,8.54,75.4,56.1,73.8,71.9,76.3,2,9,74.8
STU0787,8.27,79.8,68.6,51.0,84.5,73.6,1,8,74.9
STU0788,7.86,62.2,49.7,87.1,57.6,47.2,0,12,65.4
STU0789,7.27,55.2,64.6,59.5,52.7,46.7,1,0,53.2
STU0790,5.52,83.2,77.9,80.7,75.7,52.3,2,0,66.0
STU0791,7.82,94.0,71.7,90.0,81.8,76.9,2,0,78.6
STU0792,7.58,81.2,56.3,74.4,71.7,91.6,3,24,74.9
STU0793,7.65,67.1,66.5,47.1,75.6,72.2,0,2,62.2
STU0794,5.95,48.6,55.6,55.1,49.3,71.1,4,4,54.2
STU0795,6.16,48.7,59.7,86.5,53.3,59.1,3,3,65.7
STU0796,8.51,76.3,59.4,65.6,86.8,81.3,0,3,67.9
STU0797,7.31,71.6,59.4,69.1,82.0,87.5,1,11,67.3
STU0798,8.1,89.3,66.7,78.6,93.5,82.3,1,8,83.3
STU0799,7.38,75.5,47.2,77.7,69.6,64.5,1,0,63.6
STU0800,7.38,41.0,46.8,71.9,64.5,59.9,0,6,51.1
STU0801,8.38,84.4,43.2,65.1,71.8,85.5,1,0,70.4
STU0802,6.78,47.6,36.9,63.6,48.9,43.9,3,1,48.6
STU0803,7.46,59.1,44.0,80.0,45.1,45.7,2,0,60.7
STU0804,6.84,67.7,63.4,75.7,79.8,66.8,0,5,62.2
STU0805,6.87,95.7,47.7,64.4,73.6,84.8,2,7,70.7
STU0806,7.01,100.0,69.0,83.1,82.0,88.5,2,3,82.4
STU0807,7.59,75.3,63.0,66.2,65.2,50.9,0,0,67.2
STU0808,6.82,60.8,31.4,56.1,68.4,78.6,2,17,56.6
STU0809,8.73,77.0,74.6,57.4,73.7,61.7,3,1,71.0
STU0810,6.37,76.7,72.2,54.3,59.0,61.6,0,0,55.1
STU0811,7.14,59.4,46.7,64.2,66.6,49.3,2,1,60.7
STU0812,6.87,92.5,67.3,85.3,67.4,100.0,1,9,76.7
STU0813,8.94,72.7,52.3,56.7,68.5,67.2,0,0,63.6
STU0814,7.57,73.5,63.9,70.6,54.6,53.2,1,0,63.8
STU0815,8.49,78.5,45.3,58.8,65.3,75.3,3,2,57.5
STU0816,5.72,67.7,31.8,64.4,64.4,69.2,1,4,55.1
STU0817,7.64,79.2,56.8,46.9,58.8,63.4,2,3,59.2
STU0818,8.33,57.6,62.1,64.9,53.9,62.8,0,0,58.6
STU0819,7.44,56.3,56.2,65.3,62.4,47.7,0,0,51.4
STU0820,8.52,50.3,46.6,75.6,58.4,47.3,4,18,60.2
STU0821,6.78,70.6,54.9,71.1,83.6,47.6,3,2,70.9
STU0822,8.9,81.3,69.1,51.2,94.0,61.9,3,8,79.7
STU0823,9.88,78.6,66.4,83.2,74.0,87.0,3,5,73.6
STU0824,6.95,90.8,63.9,70.9,82.7,92.9,1,2,83.3
STU0825,6.86,63.7,51.0,70.8,70.4,61.9,0,2,48.3
STU0826,8.95,79.7,82.8,67.9,73.9,86.0,3,4,78.1
STU0827,9.09,51.9,47.8,60.8,53.2,50.1,1,0,47.7
STU0828,6.77,57.4,68.2,71.0,60.9,53.6,0,2,59.8
STU0829,6.89,75.0,78.8,74.7,68.8,66.5,2,10,70.9
STU0830,7.04,77.8,68.6,43.5,68.5,65.9,3,4,61.1
STU0831,5.87,56.6,56.0,60.5,61.5,53.7,3,6,54.1
STU0832,6.34,61.3,52.1,64.4,55.7,68.0,0,0,51.0
STU0833,6.25,38.0,75.3,71.6,40.5,43.7,0,5,52.2
STU0834,6.51,57.2,39.0,84.7,61.0,63.1,2,2,61.7
STU0835,7.31,79.2,47.4,57.2,76.6,80.1,2,0,73.5
STU0836,7.61,74.8,56.6,61.0,62.8,68.3,4,9,66.9
STU0837,9.06,77.3,84.0,60.8,85.2,61.4,1,9,76.0
STU0838,6.25,63.1,65.5,56.8,48.1,41.9,2,3,60.5
STU0839,8.43,67.8,49.6,63.1,66.6,63.7,2,7,61.6
STU0840,7.11,53.8,56.9,78.8,58.2,52.1,1,17,58.0
STU0841,7.3,76.0,52.7,53.2,66.8,66.8,1,6,70.6
STU0842,8.09,73.6,52.8,74.0,68.6,65.1,2,1,64.4
STU0843,6.12,69.8,74.2,44.2,80.2,92.3,0,7,67.1
STU0844,7.77,57.6,42.3,60.1,57.3,42.0,4,1,48.8
STU0845,7.53,31.0,86.5,63.4,69.6,26.5,0,0,54.2
STU0846,7.89,83.9,75.5,91.4,81.1,76.4,1,4,85.7
STU0847,7.67,58.1,79.0,64.2,64.8,53.6,3,0,65.1
STU0848,10.0,57.8,60.4,37.2,74.7,62.9,1,0,58.6
STU0849,6.65,74.3,58.3,40.0,89.4,76.6,1,0,69.5
STU0850,6.77,57.3,39.3,68.5,53.0,66.9,2,14,50.9
STU0851,6.66,80.2,52.8,76.6,63.2,51.8,0,0,59.5
STU0852,6.74,73.3,68.2,73.3,62.9,58.2,2,0,73.8
STU0853,6.65,74.2,80.0,70.3,69.3,70.0,4,0,70.1
STU0854,8.66,46.4,48.0,84.3,47.4,55.4,1,3,54.9
STU0855,8.91,88.3,59.6,60.4,83.1,97.4,1,3,80.6
STU0856,6.72,67.6,58.5,80.5,79.5,74.9,3,5,74.8
STU0857,6.43,56.8,39.2,45.2,60.9,55.2,2,0,45.0
STU0858,7.87,68.6,71.9,55.3,67.6,53.9,2,1,64.9
STU0859,6.74,35.1,49.9,42.7,44.8,36.3,2,0,51.6
STU0860,8.05,73.3,60.5,64.2,80.0,62.0,3,0,64.7
STU0861,7.57,49.1,55.7,67.4,52.7,56.8,1,0,51.9
STU0862,5.68,39.2,46.8,69.6,63.4,51.1,1,1,48.7
STU0863,9.05,44.9,65.3,68.9,77.1,41.2,1,1,63.3
STU0864,9.33,87.7,62.7,55.0,85.9,71.6,2,0,66.6
STU0865,6.68,53.2,55.1,65.3,58.6,62.4,1,10,44.8
STU0866,6.92,88.5,50.2,47.0,85.3,79.6,0,0,66.9
STU0867,7.66,57.2,67.4,87.1,72.4,64.5,1,13,73.6
STU0868,7.72,38.6,87.5,63.7,48.0,48.2,3,0,55.9
STU0869,8.07,48.9,65.5,61.2,56.5,67.4,2,17,59.1
STU0870,9.56,90.3,81.4,90.2,75.3,76.8,6,5,84.3
STU0871,7.16,62.0,40.8,50.6,67.7,56.0,4,0,63.4
STU0872,6.47,54.0,62.6,52.2,63.8,46.1,1,3,52.1
STU0873,5.83,63.8,42.5,52.7,50.6,58.8,1,0,51.7
STU0874,6.55,71.0,38.2,67.0,63.5,38.4,1,1,50.7
STU0875,7.31,82.8,50.8,74.0,64.6,66.6,2,0,60.8
STU0876,9.32,93.1,83.8,78.4,79.3,74.7,1,3,83.8
STU0877,6.78,57.8,75.1,100.0,65.7,43.8,8,12,79.7
STU0878,7.6,44.4,66.1,36.5,51.1,38.5,3,8,57.2
STU0879,7.33,58.3,39.0,76.5,60.8,64.5,1,0,47.3
STU0880,8.66,72.4,61.7,60.2,61.2,65.2,1,0,60.4
STU0881,10.0,56.2,71.8,59.8,71.6,59.2,1,1,64.2
STU0882,6.77,48.2,63.5,59.3,56.1,53.8,1,11,57.1
STU0883,6.81,69.2,33.3,55.3,61.2,62.3,1,0,45.6
STU0884,8.5,67.1,50.9,91.6,69.5,75.0,1,0,60.6
STU0885,8.1,67.4,62.5,79.8,71.4,64.4,1,0,62.0
STU0886,9.38,57.9,74.1,68.3,62.6,42.1,1,0,61.2
STU0887,7.99,62.9,30.3,86.9,55.6,73.5,3,13,55.5
STU0888,6.95,49.2,58.8,46.8,71.9,58.8,1,6,58.6
STU0889,8.0,80.9,65.4,49.4,71.4,63.3,0,3,63.9
STU0890,8.57,84.6,77.2,37.5,79.2,60.4,2,6,65.7
STU0891,8.25,37.7,74.2,58.2,63.7,51.9,4,0,59.3
STU0892,7.91,51.5,71.9,70.3,89.7,59.4,3,3,61.7
STU0893,8.52,44.0,52.3,69.4,49.6,62.9,1,0,52.6
STU0894,8.64,57.8,36.0,70.1,70.4,55.2,0,0,48.3
STU0895,8.87,67.5,59.1,48.2,66.7,53.7,1,0,52.2
STU0896,8.06,43.6,78.5,79.2,53.7,57.0,3,0,58.7
STU0897,7.17,49.8,82.5,71.4,52.6,59.8,0,2,55.2
STU0898,7.51,49.3,73.0,78.3,50.2,51.4,2,0,60.0
STU0899,8.68,71.6,71.1,41.5,73.5,72.4,2,5,66.4
STU0900,6.45,63.9,65.9,72.4,51.5,56.2,3,0,68.7
STU0901,7.76,54.5,54.5,51.4,70.1,59.4,1,0,54.6
STU0902,6.92,66.7,59.2,62.4,66.6,73.3,4,13,53.9
STU0903,7.38,56.3,87.1,75.5,65.7,63.0,3,0,57.8
STU0904,8.76,64.2,50.7,69.3,66.6,58.8,3,0,57.3
STU0905,7.56,92.3,86.6,56.1,77.9,89.5,2,0,91.6
STU0906,7.4,86.6,57.3,68.1,79.8,50.3,3,0,68.8
STU0907,5.85,40.5,78.9,46.6,40.5,63.9,0,0,51.5
STU0908,8.17,80.3,42.5,84.1,73.8,52.5,2,2,71.1
STU0909,8.06,79.8,72.2,65.1,69.2,61.9,0,0,60.7
STU0910,9.73,52.6,55.7,83.7,60.4,53.3,1,3,53.6
STU0911,7.01,77.3,40.1,60.6,54.8,62.0,4,0,62.2
STU0912,7.59,90.2,65.8,60.7,90.6,88.3,2,5,68.5
STU0913,7.62,47.7,77.7,57.3,53.2,39.2,1,10,62.3
STU0914,9.09,54.7,52.8,80.3,75.9,61.2,2,11,66.5
STU0915,7.25,81.0,39.3,58.1,82.8,66.4,2,3,67.6
STU0916,7.66,70.1,61.2,77.0,59.7,64.4,1,0,64.0
STU0917,8.02,75.5,62.0,62.6,65.1,64.6,3,1,67.2
STU0918,7.56,71.0,70.6,40.3,90.6,70.5,4,0,68.8
STU0919,6.86,70.0,75.3,60.0,81.6,61.4,3,6,70.8
STU0920,7.56,44.3,61.5,51.5,56.6,44.0,0,0,50.6
STU0921,8.53,84.7,92.2,68.5,82.0,76.5,1,8,73.8
STU0922,6.22,80.9,63.1,51.3,66.1,77.4,1,0,61.5
STU0923,7.5,61.7,57.1,81.0,68.8,54.0,0,1,69.8
STU0924,6.58,62.4,36.3,66.7,57.2,48.7,0,5,54.4
STU0925,8.66,43.8,60.7,65.5,43.6,51.7,3,1,59.3
STU0926,5.67,69.0,53.6,77.2,53.0,59.0,0,3,51.4
STU0927,6.74,72.6,75.2,81.5,68.7,73.2,2,10,68.2
STU0928,7.76,65.0,69.8,67.7,58.8,49.9,4,4,59.7
STU0929,9.07,87.3,47.8,57.2,82.3,57.1,1,0,60.9
STU0930,7.28,59.5,64.4,43.2,55.0,50.2,1,8,49.2
STU0931,6.74,72.5,70.9,58.4,62.2,55.5,1,1,62.2
STU0932,9.42,53.9,89.1,59.4,74.0,57.0,4,8,69.1
STU0933,5.76,60.6,72.1,69.5,61.6,51.3,4,4,65.2
STU0934,4.93,56.2,68.6,63.2,54.8,61.4,2,0,48.0
STU0935,7.83,69.8,63.9,77.6,77.4,62.9,1,11,60.2
STU0936,6.8,57.7,66.7,59.4,65.1,58.7,1,0,59.7
STU0937,6.23,60.1,78.5,67.2,72.3,61.7,6,0,57.7
STU0938,8.13,80.2,43.6,84.6,72.8,71.2,4,2,71.6
STU0939,7.62,58.7,57.3,72.8,60.8,56.4,2,12,60.0
STU0940,6.73,37.7,49.2,67.2,40.7,47.3,1,0,47.6
STU0941,5.94,89.5,64.9,59.6,71.1,65.1,2,5,62.2
STU0942,8.31,89.5,82.4,59.1,89.4,91.6,2,8,85.4
STU0943,8.07,46.1,54.5,56.1,69.7,50.8,1,6,56.6
STU0944,7.24,75.8,25.9,60.4,79.3,55.8,0,9,58.7
STU0945,9.38,62.0,59.9,78.6,56.8,59.0,0,8,56.1
STU0946,6.17,66.3,73.3,64.9,72.3,54.4,1,7,72.1
STU0947,5.67,65.5,66.7,49.1,47.1,62.9,2,0,49.1
STU0948,6.59,59.3,66.9,92.8,68.6,81.0,3,6,70.3
STU0949,7.3,52.3,57.7,72.5,57.1,45.0,0,0,50.3
STU0950,7.62,54.6,43.3,48.3,67.8,59.8,0,4,69.1
STU0951,7.08,49.7,69.2,61.8,47.4,31.7,4,8,58.8
STU0952,7.74,52.7,50.3,69.6,70.9,61.0,5,13,62.4
STU0953,5.97,60.5,92.0,91.9,48.4,45.5,2,2,66.7
STU0954,8.94,57.5,73.7,52.5,62.2,50.2,1,3,63.1
STU0955,7.26,75.7,53.1,81.7,63.6,54.0,1,16,68.9
STU0956,8.58,91.9,55.3,87.6,69.6,81.1,2,5,75.1
STU0957,7.73,56.7,61.4,59.2,64.3,66.6,1,1,60.1
STU0958,7.85,70.1,59.4,64.1,85.0,68.0,2,0,66.2
STU0959,7.98,74.6,80.0,53.5,94.5,63.5,0,24,74.4
STU0960,7.84,73.8,65.8,65.2,73.2,82.4,0,10,66.2
STU0961,8.06,68.0,52.4,67.5,79.1,57.9,3,8,61.3
STU0962,8.81,80.5,93.3,77.2,80.6,49.8,2,0,77.9
STU0963,7.57,73.3,63.2,83.3,75.3,71.4,2,13,76.0
STU0964,8.13,47.1,75.1,57.5,57.2,39.5,0,4,61.4
STU0965,7.25,78.7,52.7,40.5,74.6,78.9,0,0,61.2
STU0966,8.93,83.2,70.6,67.7,84.7,69.8,1,0,71.9
STU0967,6.61,50.9,65.2,72.1,52.7,57.1,1,0,49.4
STU0968,9.33,70.6,37.6,71.5,74.7,79.4,0,4,64.1
STU0969,7.31,75.8,92.1,63.4,71.4,54.9,2,0,70.8
STU0970,5.78,57.7,78.2,69.7,64.8,51.5,3,0,52.8
STU0971,7.49,82.5,56.3,89.2,67.2,68.2,2,19,78.6
STU0972,6.6,100.0,44.0,73.3,81.4,95.7,5,7,77.5
STU0973,8.27,54.7,69.1,62.8,79.5,52.9,4,13,68.2
STU0974,6.63,41.1,61.9,61.0,61.8,43.0,2,4,57.1
STU0975,6.86,68.6,66.4,65.6,77.7,70.1,1,0,64.6
STU0976,5.27,71.3,60.7,90.9,63.7,57.3,1,11,67.9
STU0977,6.85,60.1,68.6,65.4,65.2,59.8,2,0,63.4
STU0978,4.68,81.6,78.4,67.7,74.9,54.9,2,0,58.5
STU0979,5.61,39.2,67.0,61.2,60.9,70.0,3,6,41.2
STU0980,8.19,78.2,47.9,83.4,60.0,51.7,2,7,70.4
STU0981,8.21,57.5,84.2,95.4,54.9,51.4,0,2,59.8
STU0982,7.82,93.7,87.5,74.3,92.8,80.0,3,10,90.2
STU0983,6.29,94.2,100.0,69.2,75.8,95.5,6,0,86.2
STU0984,7.3,52.6,45.0,68.5,54.8,39.1,2,4,53.4
STU0985,7.35,56.2,65.6,34.6,52.1,73.2,2,7,60.0
STU0986,6.08,75.6,28.2,78.4,63.6,72.5,1,8,63.5
STU0987,9.0,62.9,73.6,69.9,59.3,62.3,1,0,64.5
STU0988,8.32,66.7,55.7,74.0,87.0,56.9,2,5,61.2
STU0989,7.11,64.8,90.4,58.0,65.5,66.3,1,13,68.5
STU0990,7.38,34.4,50.4,62.6,50.9,35.9,1,0,42.8
STU0991,7.58,65.4,37.1,62.2,72.1,75.1,0,0,52.8
STU0992,5.1,48.3,50.4,82.3,59.2,41.8,1,0,46.0
STU0993,7.08,56.4,31.8,62.7,69.0,56.5,2,7,62.5
STU0994,6.6,86.2,71.8,97.2,83.5,69.1,3,0,79.0
STU0995,6.25,42.1,28.8,74.0,46.8,35.8,0,1,46.6
STU0996,7.04,77.2,61.8,50.1,69.4,74.5,2,0,67.1
STU0997,9.33,65.5,34.8,66.2,78.9,69.5,2,16,63.0
STU0998,8.05,62.3,58.6,58.9,63.1,70.9,2,1,53.9
STU0999,6.72,76.1,85.4,37.3,70.2,49.0,0,10,57.1
STU1000,7.98,72.0,68.7,90.4,75.1,76.8,2,10,76.2
STU1001,8.89,78.0,52.1,77.8,83.9,96.1,3,0,78.8
STU1002,8.37,83.0,63.6,75.5,64.4,63.9,2,0,72.4
STU1003,7.42,59.9,62.4,70.3,69.9,78.4,0,7,59.9
STU1004,6.64,53.4,67.7,48.7,56.8,50.6,0,13,62.0
STU1005,8.12,49.6,43.0,61.2,66.8,40.3,3,3,64.6
STU1006,7.78,52.9,71.8,79.8,68.0,52.7,5,0,67.7
STU1007,8.33,100.0,23.4,53.3,99.9,95.4,0,4,80.1
STU1008,8.05,86.7,53.9,32.6,90.3,68.2,0,1,68.5
STU1009,8.5,46.3,57.0,64.8,71.4,47.7,1,0,55.9
STU1010,6.76,42.4,70.3,66.0,65.0,56.3,2,0,54.0
STU1011,8.8,76.3,65.2,69.9,78.9,69.1,1,24,67.6
STU1012,7.57,74.3,41.4,78.2,72.1,72.3,2,0,62.8
STU1013,9.63,79.5,51.8,76.9,87.6,75.1,4,0,73.9
STU1014,6.59,59.0,63.5,71.6,67.1,63.1,1,1,59.3
STU1015,9.26,67.8,64.6,84.7,71.2,59.0,1,7,69.1
STU1016,7.57,70.8,53.7,46.7,73.3,67.5,2,0,51.2
STU1017,6.63,64.6,53.4,75.1,63.9,50.8,2,14,67.0
STU1018,6.82,28.2,71.4,76.8,39.7,50.5,3,11,59.2
STU1019,7.0,60.4,53.5,50.6,73.5,54.2,0,17,61.4
STU1020,7.82,52.5,61.6,47.0,62.2,65.5,2,0,50.9
STU1021,7.93,69.2,95.7,57.6,86.8,65.5,0,0,71.5
STU1022,6.72,100.0,39.4,58.7,69.2,79.3,0,0,65.9
STU1023,7.32,70.8,34.2,78.5,64.9,58.1,3,0,62.6
STU1024,9.71,65.9,78.5,59.4,74.3,53.1,5,0,75.8
STU1025,9.25,84.5,55.6,56.0,91.1,58.4,2,0,69.2
STU1026,7.83,73.9,58.2,59.4,75.6,56.6,0,0,62.7
STU1027,7.39,71.8,50.4,83.7,72.6,62.2,3,7,64.9
STU1028,7.48,75.0,58.4,68.2,62.9,66.6,0,0,65.6
STU1029,8.02,99.6,87.3,65.5,76.6,89.1,0,4,83.6
STU1030,6.22,44.1,71.8,66.5,55.3,44.2,0,0,53.7
STU1031,7.07,71.9,74.4,86.1,58.2,53.1,1,0,60.5
STU1032,5.51,45.6,37.1,57.5,47.1,32.9,3,10,43.7
STU1033,7.79,75.0,45.6,86.4,76.9,72.8,2,0,60.2
STU1034,8.06,52.1,20.8,70.9,54.4,65.9,0,3,47.2
STU1035,6.82,57.0,48.8,65.8,73.8,71.8,0,2,60.8
STU1036,9.08,64.6,79.8,100.0,81.3,71.5,0,3,75.8
STU1037,6.0,77.2,67.1,53.2,56.1,70.2,0,1,60.2
STU1038,5.74,75.7,55.5,63.0,59.6,80.9,1,21,70.4
STU1039,7.6,45.7,62.2,50.7,39.3,48.7,5,0,53.2
STU1040,8.5,68.8,54.0,81.3,65.6,68.8,1,0,61.7
STU1041,9.2,58.3,68.8,91.6,74.9,56.7,4,3,68.3
STU1042,6.85,43.6,72.5,91.4,51.0,33.8,0,0,55.1
STU1043,8.54,64.5,40.1,85.1,73.5,55.6,3,5,63.6
STU1044,7.31,60.0,66.4,65.2,51.7,54.8,5,0,64.2
STU1045,7.16,100.0,75.6,62.9,89.9,83.1,1,18,85.0
STU1046,8.32,74.4,57.7,44.6,69.7,85.1,0,2,61.4
STU1047,8.07,44.8,73.9,96.5,58.7,50.6,3,0,62.3
STU1048,5.62,51.6,100.0,74.6,53.9,63.5,1,0,62.0
STU1049,8.97,85.4,63.7,61.1,71.5,66.9,1,0,72.6
STU1050,8.87,100.0,70.9,86.6,79.4,76.7,2,0,73.3
STU1051,6.66,37.9,49.6,54.4,58.7,33.4,1,0,47.2
STU1052,7.79,36.0,65.6,73.7,56.6,37.9,1,3,55.4
STU1053,7.89,96.3,70.0,65.6,92.2,86.7,1,6,83.1
STU1054,7.64,72.0,65.5,76.9,73.5,65.8,4,1,70.4
STU1055,6.74,49.6,45.5,67.1,58.2,61.3,3,0,56.0
STU1056,6.61,71.7,63.6,47.7,53.9,62.6,0,3,55.8
STU1057,7.32,22.8,83.9,69.1,43.2,32.5,2,1,49.2
STU1058,8.64,68.3,71.3,82.7,71.8,85.2,1,4,74.6
STU1059,7.95,71.7,77.6,67.6,87.3,68.2,1,1,74.2
STU1060,6.94,78.8,57.6,78.9,77.7,81.5,3,0,73.9
STU1061,8.2,50.9,74.9,53.4,74.3,52.5,2,4,65.4
STU1062,4.22,58.5,59.9,67.6,58.7,63.1,1,2,40.5
STU1063,8.61,53.4,50.3,59.3,58.8,63.0,1,1,53.1
STU1064,5.44,64.3,63.0,78.5,61.4,61.4,1,3,62.0
STU1065,6.95,49.7,46.3,68.4,59.6,28.7,1,15,57.5
STU1066,6.12,55.4,50.0,77.7,50.5,52.7,1,8,56.3
STU1067,5.93,45.5,62.0,83.2,49.5,60.1,2,0,53.5
STU1068,8.63,78.6,69.0,77.7,75.5,74.5,2,12,81.7
STU1069,6.84,77.4,43.1,71.8,84.1,75.3,0,0,57.2
STU1070,7.73,62.2,78.6,54.0,49.6,38.2,1,9,60.8
STU1071,7.3,65.5,70.5,68.0,76.3,56.3,0,0,62.7
STU1072,7.87,43.1,52.5,60.5,49.7,50.9,0,3,44.9
STU1073,7.43,60.4,39.1,63.2,53.5,59.7,4,1,62.9
STU1074,5.94,60.7,57.0,62.8,69.6,71.8,1,7,48.9
STU1075,8.45,100.0,57.5,54.3,93.2,81.8,0,0,75.5
STU1076,6.81,45.9,62.6,40.6,65.4,56.0,0,4,54.1
STU1077,5.64,84.1,53.1,58.6,77.4,72.4,0,8,59.7
STU1078,6.88,79.8,30.9,70.7,89.0,63.3,0,4,65.1
STU1079,9.0,73.6,59.5,49.1,80.3,45.6,1,3,62.9
STU1080,8.29,95.5,59.3,68.2,83.3,83.1,4,3,83.4
STU1081,6.97,70.0,70.7,94.6,70.6,65.9,1,4,84.6
STU1082,6.97,70.3,50.8,82.3,78.0,59.9,0,3,65.5
STU1083,7.0,63.3,86.5,91.0,58.4,41.9,2,8,71.1
STU1084,9.63,90.3,37.9,73.5,80.8,82.1,0,0,66.6
STU1085,7.77,83.6,82.5,84.3,74.6,68.6,1,13,79.2
STU1086,7.82,56.2,59.6,57.9,46.7,57.5,1,2,52.6
STU1087,8.48,46.7,77.2,59.0,61.9,70.1,1,0,62.1
STU1088,7.61,62.4,63.7,29.7,51.0,34.4,1,3,45.3
STU1089,7.07,51.5,78.5,84.6,59.4,46.0,2,2,57.9
STU1090,7.13,63.4,55.8,89.6,72.0,59.5,6,0,72.1
STU1091,7.27,84.6,45.4,60.3,72.3,85.7,6,2,71.0
STU1092,7.31,57.6,83.2,64.4,76.1,43.6,6,0,72.2
STU1093,8.15,66.3,61.9,57.4,57.9,78.7,0,0,60.9
STU1094,7.41,66.1,65.4,73.4,76.8,65.3,2,0,68.1
STU1095,8.16,80.6,82.1,83.7,82.2,70.8,0,2,73.7
STU1096,7.26,28.8,46.3,43.6,34.5,34.6,4,6,44.4
STU1097,7.44,55.5,71.1,73.7,83.8,56.6,1,6,70.3
STU1098,5.15,62.9,48.8,64.1,58.4,68.4,1,8,51.4
STU1099,8.36,86.7,62.0,69.6,73.4,61.7,3,14,79.8
STU1100,7.73,58.1,63.8,74.4,53.0,57.8,0,3,57.8
STU1101,8.45,37.7,41.7,65.4,54.4,41.7,1,0,44.3
STU1102,4.16,67.0,43.9,66.5,56.9,51.7,0,0,35.1
STU1103,9.65,60.6,86.9,65.0,72.1,86.1,1,3,69.1
STU1104,7.2,45.6,75.0,81.6,54.0,53.2,2,8,65.4
STU1105,8.57,58.1,63.5,73.9,71.8,65.2,0,0,59.2
STU1106,6.21,59.2,63.4,71.1,57.1,67.3,3,2,63.6
STU1107,8.02,57.0,58.9,50.2,49.1,38.7,2,9,56.3
STU1108,6.19,26.8,80.0,62.7,42.8,55.3,5,0,54.6
STU1109,6.66,77.6,57.6,80.6,51.9,37.8,3,8,63.4
STU1110,9.46,90.7,69.7,68.5,88.5,70.2,3,0,78.7
STU1111,7.14,74.9,78.8,77.2,63.0,59.9,1,9,73.5
STU1112,7.59,47.4,50.8,92.7,59.8,57.1,2,7,60.7
STU1113,8.31,64.2,87.3,82.5,79.5,65.9,4,3,72.9
STU1114,7.9,66.3,40.1,69.3,61.2,58.5,2,24,55.7
STU1115,7.52,75.0,86.8,60.8,80.5,68.8,1,0,72.4
STU1116,7.75,76.7,57.2,32.3,70.1,57.3,2,0,56.0
STU1117,9.99,59.9,63.6,65.6,85.9,48.5,5,2,67.0
STU1118,7.29,66.2,33.5,63.4,64.0,68.0,3,7,55.6
STU1119,7.57,72.9,55.6,73.5,64.4,70.8,1,16,66.8
STU1120,8.51,91.2,48.7,65.8,88.6,94.0,4,0,86.5
STU1121,8.57,79.3,55.3,63.5,73.9,61.3,0,0,65.6
STU1122,8.66,80.9,62.6,43.1,71.7,76.2,2,13,67.6
STU1123,8.05,68.1,77.8,54.8,66.4,59.4,2,15,66.3
STU1124,6.09,84.4,62.6,74.7,72.1,82.9,2,2,64.9
STU1125,9.15,76.0,70.2,92.0,88.2,81.5,3,3,75.0
STU1126,6.09,48.1,43.0,66.6,38.8,48.5,2,6,44.2
STU1127,7.68,88.3,49.5,72.6,79.4,71.2,0,2,69.9
STU1128,6.52,74.1,87.3,81.3,73.6,76.4,1,0,73.4
STU1129,7.28,57.7,50.8,56.6,64.3,63.5,1,1,56.0
STU1130,7.71,58.2,87.6,73.1,74.7,53.0,1,0,67.5
STU1131,7.7,70.6,59.1,57.6,69.8,51.0,2,0,58.3
STU1132,7.81,73.6,63.0,80.1,70.8,62.9,2,2,63.2
STU1133,9.13,72.6,81.6,70.1,80.4,82.9,0,1,67.5
STU1134,7.85,71.2,82.1,72.2,72.0,76.5,3,0,66.5
STU1135,7.08,91.5,59.8,57.0,75.9,64.0,1,8,71.2
STU1136,8.41,84.8,58.3,77.9,83.8,62.4,2,1,80.7
STU1137,8.66,71.3,63.8,97.2,68.4,76.9,1,15,70.3
STU1138,6.0,76.7,64.4,53.9,63.5,54.0,2,0,59.1
STU1139,8.01,50.1,76.7,63.2,56.9,56.9,4,7,64.1
STU1140,8.12,73.3,63.6,71.2,83.8,62.8,1,0,66.7
STU1141,7.02,93.1,70.6,79.0,53.9,86.5,1,2,73.9
STU1142,8.86,65.3,89.6,60.2,74.4,55.3,3,0,66.7
STU1143,7.18,51.0,67.4,28.3,59.3,64.2,3,0,50.5
STU1144,7.49,54.9,67.0,87.0,48.5,53.7,1,0,57.8
STU1145,7.16,47.1,38.8,78.6,59.5,53.6,2,9,58.0
STU1146,7.37,52.5,22.6,43.6,64.2,35.0,2,0,52.3
STU1147,6.14,56.1,65.4,59.5,63.2,34.0,2,4,58.6
STU1148,5.77,38.6,57.4,90.0,27.4,37.0,1,0,45.4
STU1149,9.1,69.6,57.8,88.3,85.1,70.1,2,6,77.0
STU1150,6.42,77.1,63.8,81.1,63.9,54.4,1,24,73.6
STU1151,6.26,47.7,58.9,65.5,60.1,40.6,1,10,55.0
STU1152,4.98,83.4,74.2,69.2,74.6,76.8,2,0,62.9
STU1153,6.65,71.4,61.9,66.2,60.6,67.9,2,2,60.9
STU1154,5.89,77.9,47.9,83.8,73.9,67.1,0,0,66.4
STU1155,9.16,59.0,80.5,55.7,65.9,65.8,3,0,65.2
STU1156,8.46,81.4,61.0,56.7,61.5,55.3,3,5,60.4
STU1157,6.59,45.6,68.4,82.1,63.9,48.0,1,9,62.7
STU1158,9.83,85.4,59.8,67.4,78.0,89.4,3,0,82.0
STU1159,8.43,70.4,54.4,87.3,65.7,63.8,4,1,74.9
STU1160,6.99,73.0,62.5,58.6,66.2,65.7,3,0,61.5
STU1161,4.6,39.3,56.7,67.2,47.6,67.7,3,0,38.8
STU1162,9.87,57.0,74.2,55.1,69.6,44.1,1,0,69.3
STU1163,5.82,70.7,54.9,68.1,69.2,72.1,0,0,65.7
STU1164,5.54,45.3,30.8,47.3,40.6,62.2,2,6,43.6
STU1165,8.47,75.2,57.8,61.2,69.1,62.9,2,0,57.2
STU1166,10.0,49.8,79.2,47.9,65.9,62.5,1,1,57.8
STU1167,8.87,82.4,60.6,77.7,95.0,66.0,4,7,74.5
STU1168,7.97,46.8,59.5,78.0,58.4,43.8,5,3,68.2
STU1169,8.0,75.5,78.1,43.8,82.4,73.4,1,7,63.5
STU1170,8.29,77.4,53.2,86.7,75.9,76.8,3,11,82.9
STU1171,8.18,55.9,40.5,100.0,60.7,66.5,3,0,61.7
STU1172,7.66,75.1,60.2,68.6,70.5,82.1,5,0,64.8
STU1173,7.46,69.5,55.0,59.0,67.8,62.5,2,0,65.1
STU1174,7.28,56.2,47.4,100.0,66.8,68.9,2,8,68.1
STU1175,6.52,46.8,57.7,49.5,66.0,49.1,3,9,51.5
STU1176,7.04,32.8,68.8,68.3,52.4,51.9,2,0,52.6
STU1177,5.49,65.9,58.1,70.5,70.9,64.5,2,2,64.5
STU1178,7.24,39.7,66.4,86.8,45.9,48.8,2,1,54.0
STU1179,6.26,63.8,87.0,73.0,59.4,62.8,1,5,72.1
STU1180,6.14,57.7,54.4,61.0,53.5,38.3,4,8,54.3
STU1181,7.55,76.4,66.6,54.7,75.3,57.0,2,2,58.8
STU1182,8.88,64.0,57.4,63.2,67.8,61.8,4,0,64.3
STU1183,8.36,62.3,51.3,53.9,74.0,44.7,2,0,52.5
STU1184,5.62,72.4,49.8,68.7,57.6,70.3,4,2,60.1
STU1185,6.26,67.6,52.6,60.1,64.9,70.4,4,1,61.6
STU1186,8.38,72.6,69.5,47.1,79.0,70.7,0,0,61.1
STU1187,6.27,69.8,95.1,85.6,49.2,47.5,1,2,73.6
STU1188,7.1,39.8,50.8,61.0,70.2,64.3,2,5,55.5
STU1189,7.96,78.6,57.0,50.2,72.9,89.0,2,0,70.3
STU1190,6.28,72.1,58.9,65.6,50.7,61.6,1,0,61.6
STU1191,7.47,49.0,68.2,69.0,60.2,57.2,0,0,63.6
STU1192,5.88,57.4,63.0,43.5,58.6,57.5,1,2,47.4
STU1193,6.69,62.7,79.9,72.6,62.8,64.2,3,6,59.7
STU1194,7.7,63.7,26.3,53.3,74.9,61.2,1,0,61.6
STU1195,5.6,66.0,22.7,92.0,67.8,61.3,1,5,58.3
STU1196,7.83,89.1,55.5,75.3,82.4,84.8,3,0,76.0
STU1197,7.33,82.3,78.4,62.4,78.7,95.1,1,1,73.3
STU1198,7.96,45.5,39.7,57.6,57.8,35.9,2,0,48.9
STU1199,7.6,75.6,17.4,66.5,86.8,69.7,1,0,64.3
STU1200,8.85,90.0,73.6,76.6,71.7,61.6,1,7,68.9
STU1201,7.49,71.5,65.9,67.6,71.3,80.9,2,4,70.5
STU1202,6.88,81.3,44.7,65.0,73.8,64.1,3,0,69.0
STU1203,7.48,97.5,47.5,68.8,89.7,66.9,2,1,76.1
STU1204,7.95,82.9,48.6,59.5,70.5,76.3,0,1,63.9
STU1205,7.4,69.1,63.8,63.2,54.8,77.3,1,0,60.8
STU1206,7.39,81.8,52.7,38.8,76.4,77.5,2,9,72.3
STU1207,6.58,65.4,67.9,81.6,66.7,63.1,0,2,65.6
STU1208,6.62,63.6,17.7,72.2,75.6,66.6,2,3,64.5
STU1209,5.81,55.5,46.1,57.2,47.0,65.9,2,0,42.1
STU1210,9.27,94.8,49.0,94.6,96.5,73.0,1,1,83.3
STU1211,5.98,48.5,55.4,69.2,73.1,54.0,7,17,60.8
STU1212,6.59,87.6,52.4,53.5,72.5,68.0,0,0,62.5
STU1213,6.56,71.0,72.4,80.0,56.9,49.5,2,9,72.2
STU1214,8.33,45.1,36.1,73.6,56.3,46.1,0,6,48.1
STU1215,7.03,70.1,62.0,73.5,68.2,74.7,4,4,77.5
STU1216,8.72,34.8,73.1,62.0,60.1,51.4,2,0,60.7
STU1217,6.61,73.2,88.4,74.3,63.7,70.3,2,6,73.4
STU1218,7.66,79.9,55.4,64.3,87.4,74.3,0,0,63.7
STU1219,6.43,53.2,65.0,75.8,49.0,56.4,2,0,55.7
STU1220,9.71,72.9,39.7,41.3,63.7,55.7,2,6,57.9
STU1221,6.04,93.0,23.5,61.9,85.5,75.1,4,0,62.3
STU1222,7.69,57.8,75.4,92.1,45.8,54.4,2,7,69.1
STU1223,8.05,49.8,63.3,57.3,59.4,55.0,2,7,56.8
STU1224,7.81,89.8,80.6,59.5,100.0,83.6,2,1,79.3
STU1225,7.15,95.9,41.0,61.7,81.3,77.1,0,0,67.3
STU1226,7.21,64.7,69.5,51.0,57.0,54.6,4,0,59.3
STU1227,7.4,81.3,90.1,37.1,74.4,100.0,2,8,77.1
STU1228,7.19,86.1,68.0,64.8,76.2,81.8,6,18,76.6
STU1229,8.41,55.8,68.3,69.9,66.4,60.8,3,2,68.1
STU1230,9.78,63.3,67.0,67.3,78.3,60.7,2,1,64.8
STU1231,6.74,83.2,37.2,66.0,65.5,64.3,2,4,62.5
STU1232,5.84,88.2,79.3,68.6,87.1,75.2,2,12,72.4
STU1233,7.25,73.8,52.6,82.3,72.6,69.3,5,5,75.0
STU1234,10.0,57.5,74.9,65.3,76.6,41.2,0,0,68.9
STU1235,6.47,94.6,36.8,60.0,73.7,60.3,1,22,70.8
STU1236,9.15,61.0,47.9,64.1,80.3,56.2,3,0,63.8
STU1237,9.2,64.3,87.2,76.1,69.7,63.4,2,0,69.8
STU1238,6.74,69.0,55.6,87.8,68.9,60.9,2,15,62.3
STU1239,7.98,91.4,85.1,59.2,74.2,89.5,1,4,71.7
STU1240,9.14,83.1,64.4,69.4,73.0,55.8,2,0,72.6
STU1241,6.93,70.6,33.5,72.7,73.6,57.7,1,0,58.0
STU1242,7.13,71.9,74.9,54.1,65.8,79.0,1,11,62.0
STU1243,6.71,64.1,51.9,68.3,57.3,59.5,4,6,55.7
STU1244,6.23,71.1,70.2,47.5,61.1,71.1,3,0,64.2
STU1245,6.64,22.7,60.9,43.2,48.9,58.0,2,19,52.6
STU1246,6.0,56.9,36.2,73.1,53.4,47.0,1,1,44.6
STU1247,7.39,69.0,64.5,62.6,67.7,62.0,1,0,62.5
STU1248,6.5,44.5,93.2,70.8,53.9,45.8,1,6,61.8
STU1249,7.61,71.8,69.9,67.7,55.4,41.6,4,0,61.2
STU1250,5.64,57.4,57.7,54.3,45.9,49.2,4,0,56.1
STU1251,7.71,94.0,78.9,67.4,84.8,87.3,3,0,78.9
STU1252,8.27,92.5,67.0,50.7,77.1,81.3,2,0,65.4
STU1253,5.16,52.1,60.8,87.5,62.0,60.1,1,0,51.7
STU1254,7.76,63.6,46.4,49.0,74.8,58.6,2,4,65.0
STU1255,8.7,67.2,68.2,65.3,77.5,58.0,2,0,64.9
STU1256,6.02,54.4,74.9,53.4,71.8,70.2,1,0,54.4
STU1257,9.19,72.7,53.1,76.0,75.3,61.6,1,2,69.3
STU1258,7.81,54.0,84.3,63.4,67.6,59.2,3,0,65.2
STU1259,6.57,45.0,59.1,60.7,49.5,49.3,2,0,51.3
STU1260,7.29,74.8,48.6,79.9,90.9,86.0,1,0,72.0
STU1261,7.96,76.6,78.2,68.4,90.1,81.7,2,1,72.3
STU1262,7.43,52.3,57.9,75.2,60.6,40.7,2,16,59.2
STU1263,7.94,80.8,74.6,54.3,79.3,59.3,4,10,77.0
STU1264,6.34,52.4,55.6,48.3,68.1,61.4,1,0,49.3
STU1265,7.54,69.5,61.5,69.5,68.2,62.7,0,24,73.8
STU1266,5.79,74.2,66.3,63.5,61.3,59.2,1,7,66.7
STU1267,7.23,64.2,66.1,76.8,72.8,72.2,0,0,58.9
STU1268,6.36,69.8,30.1,66.9,66.6,64.9,1,2,62.7
STU1269,6.54,54.7,43.6,70.9,60.4,55.3,0,7,55.5
STU1270,8.71,65.3,78.7,45.3,64.1,68.2,0,9,69.8
STU1271,8.55,64.7,62.4,94.4,56.3,54.4,1,2,64.9
STU1272,8.02,54.7,55.5,65.7,65.3,71.6,3,2,60.2
STU1273,6.15,59.2,39.2,77.8,67.3,50.6,0,2,53.9
STU1274,7.0,39.4,45.1,56.3,50.9,52.0,1,5,38.3
STU1275,8.68,60.5,34.3,72.3,79.8,76.5,3,1,67.0
STU1276,7.51,60.8,60.8,49.8,59.3,43.4,3,1,54.0
STU1277,9.9,67.3,58.1,74.3,66.9,58.6,5,7,73.9
STU1278,7.78,62.2,48.4,63.0,65.9,70.9,2,9,69.3
STU1279,7.56,64.5,61.4,68.4,66.3,72.2,1,4,60.8
STU1280,7.01,71.8,66.8,77.8,75.1,64.4,2,3,65.8
STU1281,7.5,79.4,93.7,50.7,68.0,60.4,0,0,70.7
STU1282,7.18,54.2,39.0,58.4,71.6,66.8,5,0,55.7
STU1283,8.13,47.7,80.9,74.4,76.0,67.3,1,19,74.4
STU1284,8.4,51.0,78.7,97.4,62.4,41.9,1,9,64.4
STU1285,6.49,55.0,48.6,66.1,69.0,45.0,1,0,60.8
STU1286,5.89,55.7,62.1,76.3,49.1,54.6,2,3,54.9
STU1287,5.33,47.6,51.1,66.5,60.4,57.8,1,0,48.9
STU1288,7.91,45.7,65.9,95.2,66.9,49.3,2,0,66.6
STU1289,6.14,54.7,82.2,43.5,64.7,62.6,4,0,62.0
STU1290,4.98,62.0,66.3,69.3,57.8,50.2,3,0,56.8
STU1291,7.78,75.6,70.5,45.2,49.5,40.2,2,0,52.0
STU1292,10.0,62.7,60.8,32.9,68.2,56.0,1,4,57.2
STU1293,7.34,58.4,39.7,72.2,58.2,56.5,3,0,56.6
STU1294,8.27,52.5,60.7,70.0,55.2,49.7,0,0,52.1
STU1295,7.44,64.7,80.3,64.0,67.7,49.5,0,0,66.0
STU1296,7.24,51.2,38.9,66.5,55.9,33.8,2,19,53.7
STU1297,8.36,76.7,48.2,100.0,68.8,61.6,2,2,66.1
STU1298,7.03,35.6,63.3,64.4,42.4,50.6,2,0,53.8
STU1299,7.64,60.0,47.8,75.1,59.2,69.4,4,13,60.7
STU1300,7.7,70.7,50.8,58.9,79.4,78.6,3,0,61.3
STU1301,6.62,66.1,54.2,72.1,59.6,51.5,3,0,61.9
STU1302,8.44,100.0,43.7,64.7,83.2,69.3,0,0,75.8
STU1303,7.16,70.1,47.0,62.3,64.9,67.7,2,0,60.6
STU1304,6.52,46.9,70.9,93.5,57.7,56.9,2,0,53.6
STU1305,7.94,64.9,43.6,84.5,71.9,66.2,1,4,66.5
STU1306,6.36,34.1,36.1,69.9,23.8,16.2,1,0,37.8
STU1307,7.38,63.8,52.6,35.7,74.2,53.6,1,1,60.2
STU1308,7.34,51.6,73.0,62.9,71.3,55.8,0,0,57.0
STU1309,8.54,82.6,61.4,100.0,70.5,74.7,2,6,81.3
STU1310,7.87,57.5,56.1,64.8,56.6,62.7,4,3,58.7
STU1311,7.32,63.1,62.6,83.4,61.9,60.3,2,1,60.4
STU1312,8.25,57.1,37.6,88.2,59.2,58.8,0,2,49.0
STU1313,8.88,96.6,72.5,71.1,88.8,81.5,1,1,77.2
STU1314,7.96,61.4,69.0,56.2,51.0,62.2,3,0,60.0
STU1315,7.36,94.3,55.9,33.9,72.3,78.7,3,2,68.6
STU1316,5.91,74.4,74.2,77.6,79.2,69.0,4,2,74.2
STU1317,6.18,69.8,42.7,56.6,58.0,58.2,3,0,61.3
STU1318,7.01,70.1,78.2,70.5,78.0,66.8,0,0,66.8
STU1319,6.68,69.6,63.0,50.5,69.7,68.6,3,0,62.5
STU1320,7.14,33.6,56.5,64.3,35.8,41.8,1,6,52.7
STU1321,7.41,60.7,61.8,68.5,69.7,63.5,3,0,63.8
STU1322,7.93,80.0,61.6,71.8,74.8,83.1,3,1,68.2
STU1323,7.27,64.0,80.1,52.4,62.2,62.0,1,24,63.7
STU1324,7.89,43.9,46.9,84.8,59.5,43.1,1,11,49.4
STU1325,7.42,64.3,50.7,59.6,70.2,70.3,0,5,55.9
STU1326,5.18,86.8,73.2,44.6,76.6,59.6,0,7,53.3
STU1327,6.32,82.4,51.0,66.5,81.6,61.6,1,6,68.3
STU1328,7.19,63.6,75.2,68.5,68.6,64.1,1,0,68.5
STU1329,6.02,76.9,84.8,70.2,57.5,69.1,1,0,61.9
STU1330,8.01,60.8,57.3,87.1,62.6,45.6,3,0,59.1
STU1331,9.03,41.9,75.6,64.7,83.6,51.0,0,5,66.7
STU1332,8.69,53.6,47.4,66.3,70.6,50.7,2,3,57.2
STU1333,7.12,89.4,72.9,52.6,97.0,74.6,1,9,77.8
STU1334,8.99,64.7,68.3,79.5,82.5,74.2,2,0,73.6
STU1335,7.51,61.5,69.4,70.6,67.2,66.6,1,0,59.5
STU1336,6.98,59.3,51.6,62.1,65.0,57.7,1,8,55.9
STU1337,6.68,93.8,35.7,41.3,78.6,71.4,1,8,63.0
STU1338,7.02,90.2,68.9,88.2,64.2,58.1,2,1,64.8
STU1339,6.92,99.4,30.2,50.8,82.6,94.6,2,19,77.1
STU1340,7.54,62.9,57.6,59.7,75.8,68.2,2,2,65.2
STU1341,7.53,70.2,76.5,73.0,64.9,55.7,2,0,66.2
STU1342,7.35,40.7,64.9,51.2,57.7,55.0,1,0,57.2
STU1343,7.83,89.8,92.2,47.1,87.2,76.5,1,0,74.3
STU1344,8.66,49.6,80.0,38.3,55.5,48.3,2,3,59.2
STU1345,8.39,71.1,54.3,78.1,69.1,68.6,2,3,68.9
STU1346,5.72,43.4,59.1,60.4,42.7,37.8,3,0,44.4
STU1347,4.54,48.6,55.7,100.0,43.3,44.2,2,0,50.0
STU1348,8.38,54.2,40.3,54.1,53.9,54.1,1,10,54.8
STU1349,5.85,51.5,44.9,55.1,48.1,45.2,2,5,53.0
STU1350,7.1,55.8,53.1,60.1,72.5,64.9,2,24,58.1
STU1351,6.06,53.0,28.9,71.4,49.4,69.9,2,5,52.3
STU1352,5.37,73.4,58.7,61.4,65.8,56.9,2,0,54.2
STU1353,7.95,48.8,59.5,76.6,56.2,34.4,2,0,53.0
STU1354,8.19,70.6,38.6,54.3,81.3,47.1,1,13,68.9
STU1355,6.72,82.9,66.8,48.7,84.1,71.8,0,11,70.6
STU1356,4.5,49.7,67.0,42.8,57.2,45.0,1,0,34.0
STU1357,6.75,52.0,64.2,36.9,60.7,55.7,5,6,54.9
STU1358,7.78,62.4,58.0,60.7,64.7,60.6,4,0,65.6
STU1359,5.72,79.8,67.6,63.8,59.5,49.8,3,0,57.7
STU1360,7.55,68.6,72.6,59.2,84.5,48.9,2,0,62.0
STU1361,7.33,56.5,66.6,85.4,56.2,57.4,1,24,64.8
STU1362,7.99,74.3,50.9,85.2,78.4,69.4,1,12,73.6
STU1363,7.48,47.7,66.4,63.3,66.8,48.9,2,14,58.8
STU1364,6.28,73.2,77.8,42.9,63.0,47.1,1,1,61.0
STU1365,8.67,74.8,55.7,60.1,83.7,74.3,0,11,69.8
STU1366,7.18,59.6,93.1,59.6,69.5,71.9,1,0,65.6
STU1367,7.32,51.5,54.1,58.8,73.5,59.3,1,0,46.2
STU1368,6.32,48.2,60.4,58.2,51.3,41.1,0,0,49.7
STU1369,6.86,72.3,50.9,58.9,58.5,62.6,3,1,58.8
STU1370,6.38,82.2,63.4,62.6,68.2,55.4,1,0,64.9
STU1371,7.16,54.3,35.5,59.1,62.3,65.6,1,0,49.2
STU1372,9.23,77.0,57.6,70.9,78.7,70.2,0,1,66.4
STU1373,5.84,27.8,42.6,73.0,40.3,19.9,1,0,45.0
STU1374,5.58,51.2,60.5,55.3,39.1,44.8,1,5,53.0
STU1375,8.97,68.5,80.2,85.8,76.9,69.7,2,3,68.4
STU1376,7.12,49.9,71.2,54.3,74.1,52.6,1,3,60.9
STU1377,6.61,48.2,25.0,45.4,59.6,48.8,1,0,49.9
STU1378,8.49,57.2,94.9,73.3,70.9,46.2,1,17,74.0
STU1379,6.68,68.0,65.1,56.6,70.6,68.9,1,8,68.8
STU1380,9.36,67.0,54.4,72.5,76.8,57.9,2,0,63.2
STU1381,8.1,31.1,65.8,34.3,59.3,22.2,3,9,58.3
STU1382,6.81,29.7,63.6,87.5,50.5,37.3,1,8,52.1
STU1383,9.72,61.2,56.7,77.4,69.3,69.7,3,0,66.4
STU1384,6.68,70.7,63.6,47.0,61.0,58.2,0,3,55.4
STU1385,8.17,23.1,54.5,47.3,46.0,54.3,3,6,46.0
STU1386,7.68,57.8,56.6,91.4,66.5,61.9,3,0,57.0
STU1387,8.78,60.2,54.6,57.7,65.9,61.9,1,9,53.1
STU1388,9.07,91.5,43.9,56.3,87.5,76.8,4,0,78.3
STU1389,7.39,58.9,64.3,36.3,67.1,57.6,0,1,46.9
STU1390,6.52,69.1,69.1,63.1,72.8,61.6,0,22,67.9
STU1391,7.86,68.5,70.7,64.8,80.1,62.8,3,2,63.3
STU1392,6.6,29.0,72.8,78.0,47.0,45.1,3,8,52.7
STU1393,9.56,82.8,71.3,48.4,71.6,60.8,2,1,71.1
STU1394,7.5,68.8,54.3,46.7,66.2,51.7,1,0,57.4
STU1395,6.95,72.1,73.8,74.3,69.3,53.5,4,0,67.6
STU1396,7.55,100.0,42.0,82.1,70.0,97.9,1,1,80.1
STU1397,5.87,27.9,45.5,46.0,54.7,46.6,2,4,43.0
STU1398,6.28,89.9,45.4,83.1,76.9,77.7,0,0,73.7
STU1399,8.67,63.7,80.8,68.5,72.9,51.3,1,5,63.0
STU1400,6.63,67.8,74.7,83.3,76.7,70.9,4,7,68.5
STU1401,6.2,61.4,67.0,67.0,56.3,55.5,4,0,59.8
STU1402,7.94,59.7,79.3,32.7,70.3,61.6,2,0,59.7
STU1403,8.65,59.1,51.4,65.9,66.7,48.5,1,1,54.7
STU1404,8.14,72.2,68.8,82.8,71.1,66.9,1,2,67.8
STU1405,8.45,43.5,62.3,55.5,52.9,43.5,0,6,58.9
STU1406,6.52,74.9,73.0,62.6,82.3,61.6,3,0,66.9
STU1407,5.79,54.4,57.1,65.5,53.6,60.2,2,0,44.8
STU1408,9.0,51.0,59.5,27.4,70.1,40.1,5,1,48.9
STU1409,7.0,56.9,69.4,91.4,46.4,57.9,6,0,71.9
STU1410,7.07,84.4,74.6,55.4,84.9,81.1,3,0,79.7
STU1411,8.81,60.1,54.9,75.1,76.9,52.5,2,0,61.7
STU1412,7.96,72.3,62.3,66.8,72.8,57.5,3,0,69.5
STU1413,7.85,54.6,47.1,85.6,61.0,52.6,1,0,58.7
STU1414,9.73,83.1,29.3,73.7,85.9,76.7,1,5,75.5
STU1415,6.64,74.2,63.6,64.7,87.3,68.7,3,1,64.8
STU1416,8.37,97.1,73.2,55.5,71.6,80.9,2,0,70.3
STU1417,7.41,62.3,66.1,79.2,71.7,78.6,0,2,70.3
STU1418,7.65,76.4,33.3,41.8,65.9,60.8,1,4,50.0
STU1419,9.03,70.8,60.1,77.0,74.3,48.3,0,0,64.9
STU1420,7.91,87.1,29.8,52.6,77.3,81.8,2,0,64.6
STU1421,7.94,55.0,83.7,85.5,59.9,71.5,2,0,69.3
STU1422,8.53,79.9,48.1,70.3,77.4,74.2,2,14,73.0
STU1423,6.95,60.9,80.0,77.0,54.2,45.1,1,5,61.7
STU1424,6.43,61.7,74.3,69.1,70.3,59.1,2,5,63.2
STU1425,6.2,63.6,46.2,43.5,48.0,44.4,5,0,47.6
STU1426,5.19,63.6,40.7,55.9,63.7,66.0,1,6,49.3
STU1427,9.61,68.8,71.8,77.4,72.6,50.6,0,0,71.5
STU1428,6.14,65.4,46.9,70.3,53.7,54.9,2,0,54.6
STU1429,7.11,89.6,63.1,84.5,79.8,65.2,0,24,82.4
STU1430,7.05,80.0,54.1,73.6,60.7,67.4,3,0,68.4
STU1431,7.69,79.8,36.0,54.5,75.3,66.0,1,0,62.5
STU1432,8.25,60.0,30.3,56.9,55.3,57.6,0,5,51.3
STU1433,8.3,53.1,67.3,69.4,67.1,55.9,3,4,60.8
STU1434,6.71,78.7,52.3,35.6,64.1,56.6,4,1,66.6
STU1435,7.17,78.6,53.3,91.4,69.2,73.9,1,2,72.0
STU1436,7.66,89.3,73.1,74.2,82.0,75.2,0,0,73.1
STU1437,7.08,54.7,79.1,85.2,54.4,43.3,0,0,66.6
STU1438,9.12,65.7,61.4,45.9,71.8,84.9,1,13,69.3
STU1439,7.89,40.1,58.0,85.4,43.6,48.7,2,1,48.4
STU1440,8.16,60.7,71.1,99.2,71.9,58.8,1,4,67.4
STU1441,8.08,82.8,43.1,49.5,91.7,89.3,3,6,75.3
STU1442,8.64,60.8,67.9,78.8,90.6,83.4,4,4,80.8
STU1443,7.55,75.7,70.7,68.0,73.2,65.9,2,13,82.0
STU1444,5.92,58.4,69.4,46.4,65.3,61.1,3,24,62.7
STU1445,7.79,71.3,33.8,74.9,56.8,51.4,1,0,59.1
STU1446,6.63,44.8,49.1,79.7,66.3,50.3,1,0,52.2
STU1447,6.77,64.9,47.7,59.6,71.0,60.0,4,1,57.0
STU1448,8.0,18.8,64.8,84.3,41.5,35.7,2,0,43.8
STU1449,8.71,65.4,71.9,44.7,80.7,67.9,2,0,66.5
STU1450,7.37,39.0,84.5,47.1,51.6,51.0,2,0,58.9
STU1451,7.69,85.1,55.3,69.9,74.0,74.2,2,3,73.6
STU1452,9.22,82.1,58.3,68.4,84.5,61.0,1,0,70.0
STU1453,7.61,73.1,79.8,58.0,62.9,54.2,3,0,70.6
STU1454,10.0,96.0,71.7,79.3,98.2,77.3,2,5,97.8
STU1455,7.97,51.4,82.3,75.4,53.2,48.6,2,5,59.0
STU1456,5.41,88.1,62.5,80.0,63.9,81.1,2,0,55.9
STU1457,8.18,82.0,46.3,66.3,70.3,57.8,4,0,67.7
STU1458,7.77,62.3,42.8,76.4,72.5,57.6,2,0,65.2
STU1459,8.77,86.7,41.6,61.8,76.7,82.7,4,0,64.4
STU1460,8.09,49.2,73.4,96.8,50.1,46.6,1,14,68.2
STU1461,7.2,51.4,79.5,56.6,54.5,56.4,1,14,59.2
STU1462,6.0,51.9,87.0,97.5,55.7,50.9,1,10,67.4
STU1463,7.12,56.0,74.2,68.5,51.9,55.7,2,0,54.8
STU1464,6.41,45.8,77.6,48.7,44.9,44.5,1,8,49.2
STU1465,6.71,83.0,52.0,87.2,90.5,81.6,1,3,69.2
STU1466,8.0,62.5,45.9,69.8,60.3,42.8,2,0,59.9
STU1467,9.19,75.2,78.4,79.9,74.6,63.9,2,0,70.0
STU1468,7.78,57.0,69.1,85.1,60.9,58.8,2,0,64.2
STU1469,6.03,32.6,61.0,72.7,43.0,45.8,2,2,49.9
STU1470,7.84,70.5,68.8,59.7,75.8,80.6,2,4,63.7
STU1471,8.67,37.7,69.5,81.7,64.4,44.2,6,19,67.3
STU1472,6.68,62.2,79.9,68.0,60.7,73.0,2,0,64.5
STU1473,7.2,42.7,81.1,77.6,45.1,38.9,1,14,64.3
STU1474,7.37,96.8,70.2,37.8,92.7,95.0,3,0,84.0
STU1475,6.49,77.4,73.0,74.3,69.4,75.4,1,0,63.7
STU1476,8.06,68.5,71.1,59.1,84.3,57.7,5,0,70.6
STU1477,7.22,84.9,54.8,91.1,58.1,70.8,2,7,61.4
STU1478,7.81,52.6,74.3,76.7,63.3,54.0,1,0,64.5
STU1479,6.37,71.3,39.1,71.4,82.1,73.8,1,1,67.2
STU1480,6.87,67.0,76.8,74.8,63.3,58.7,2,4,54.8
STU1481,8.14,71.2,45.7,54.0,70.2,61.5,0,0,56.7
STU1482,6.94,84.3,65.5,90.7,77.3,86.0,5,7,76.3
STU1483,9.25,81.5,53.1,95.9,76.0,69.7,3,0,72.8
STU1484,6.91,68.5,69.4,73.5,64.5,70.2,1,1,61.9
STU1485,7.6,39.1,62.0,90.3,51.7,43.3,4,13,62.3
STU1486,8.38,52.2,40.1,60.0,58.2,69.7,0,0,56.3
STU1487,5.79,59.1,65.2,56.8,68.8,52.0,2,8,57.8
STU1488,5.41,61.7,49.5,68.6,62.8,52.3,0,9,49.2
STU1489,5.67,42.7,71.9,74.1,52.4,62.6,3,20,58.2
STU1490,8.74,100.0,64.8,62.5,94.7,79.2,0,4,77.9
STU1491,6.74,87.7,66.7,75.5,74.0,89.0,3,0,74.5
STU1492,10.0,81.3,52.9,72.3,76.4,79.6,0,2,67.7
STU1493,6.73,64.6,51.9,54.0,59.7,57.4,2,7,59.7
STU1494,7.55,62.1,55.5,75.3,65.7,41.2,2,4,66.7
STU1495,9.05,54.0,78.2,80.1,57.7,53.5,3,0,59.3
STU1496,9.56,71.8,91.6,70.4,72.5,66.4,1,12,77.7
STU1497,9.62,74.8,54.5,84.1,74.1,78.9,4,0,77.0
STU1498,8.68,48.5,80.8,51.0,79.3,72.5,0,13,63.6
STU1499,8.48,73.2,31.7,74.6,51.8,54.0,2,11,66.4
STU1500,8.0,64.1,45.4,51.6,66.6,68.5,0,4,56.8
